<?xml version="1.0" encoding="UTF-8"?>
<CONFIG>
  <EditorOptions Version="11">
    <Color Version="11">
      <LangObjectPascal Version="11">
        <ColorScheme Value="Delphi_Atom"/>
        <SchemeTwilight>
          <Comment Foreground="1052906" UseSchemeGlobals="False"/>
          <Assembler Foreground="3404810" UseSchemeGlobals="False"/>
          <Directive Foreground="65291" UseSchemeGlobals="False"/>
          <Reserved_word Foreground="12434804" UseSchemeGlobals="False"/>
        </SchemeTwilight>
      </LangObjectPascal>
      <Globals Version="11">
        <SchemeTwilight>
          <ahaLineNumber Foreground="clWhite"/>
          <ahaGutterSeparator Background="clBlack"/>
        </SchemeTwilight>
      </Globals>
    </Color>
    <Display RightMargin="120" EditorFontSize="11" DoNotWarnForFont="Consolas" EditorFont="Consolas"/>
    <KeyMapping>
      <default Count="2">
        <Version Value="6"/>
        <printselection Value="80,1,0,0,0,0,0,0"/>
        <Item1 Name="Toggle view Call Stack">
          <KeyA Default="False"/>
        </Item1>
        <Item2 Name="Toggle view Local Variables">
          <KeyA Default="False"/>
          <KeyB Default="False"/>
        </Item2>
      </default>
    </KeyMapping>
    <CodeFolding UseCodeFolding="False"/>
    <DividerDraw>
      <LangObjectPascal>
        <TypeGVar>
          <MaxDepth Value="0"/>
        </TypeGVar>
        <TypeGStruct>
          <MaxDepth Value="0"/>
        </TypeGStruct>
        <TypeProc>
          <MaxDepth Value="0"/>
        </TypeProc>
        <TypeSect>
          <MaxDepth Value="0"/>
        </TypeSect>
      </LangObjectPascal>
    </DividerDraw>
    <CodeTools CodeTemplateFileName="C:\Users\Jarek\AppData\Roaming\typhon32\codetemplates.dci" CompletionLongLineHintTypeCompletionLongLineHintType="sclpExtendRightOnly"/>
    <Mouse>
      <Default Version="1" TextExtra1Click="mbaPaste" AltCtrlWheel="mwaScrollPageLessOne" CustomSavedActions="True"/>
      <Main Count="11">
        <M0 Shift="ssCtrl" ShiftMask="ssCtrl" Button="mbMiddle" ClickCount="ccSingle" ClickDir="cdUp" ButtonUpRestrictions="" Command="emcWheelZoomNorm" MoveCaret="False" IgnoreUpClick="False" Option="0" Option2="0" Priority="0"/>
        <M1 Shift="" ShiftMask="" Button="mbWheelDown" ClickCount="ccAny" ClickDir="cdDown" ButtonUpRestrictions="" Command="emcWheelVertScrollDown" MoveCaret="False" IgnoreUpClick="False" Option="0" Option2="0" Priority="0"/>
        <M2 Shift="" ShiftMask="" Button="mbWheelUp" ClickCount="ccAny" ClickDir="cdDown" ButtonUpRestrictions="" Command="emcWheelVertScrollUp" MoveCaret="False" IgnoreUpClick="False" Option="0" Option2="0" Priority="0"/>
        <M3 Shift="ssCtrl" ShiftMask="ssShift,ssAlt,ssCtrl" Button="mbWheelDown" ClickCount="ccAny" ClickDir="cdDown" ButtonUpRestrictions="" Command="emcWheelZoomOut" MoveCaret="False" IgnoreUpClick="False" Option="0" Option2="0" Priority="0"/>
        <M4 Shift="ssCtrl" ShiftMask="ssShift,ssAlt,ssCtrl" Button="mbWheelUp" ClickCount="ccAny" ClickDir="cdDown" ButtonUpRestrictions="" Command="emcWheelZoomIn" MoveCaret="False" IgnoreUpClick="False" Option="0" Option2="0" Priority="0"/>
        <M5 Shift="ssAlt" ShiftMask="ssShift,ssAlt,ssCtrl" Button="mbWheelDown" ClickCount="ccAny" ClickDir="cdDown" ButtonUpRestrictions="" Command="emcWheelVertScrollDown" MoveCaret="False" IgnoreUpClick="False" Option="3" Option2="0" Priority="0"/>
        <M6 Shift="ssAlt" ShiftMask="ssShift,ssAlt,ssCtrl" Button="mbWheelUp" ClickCount="ccAny" ClickDir="cdDown" ButtonUpRestrictions="" Command="emcWheelVertScrollUp" MoveCaret="False" IgnoreUpClick="False" Option="3" Option2="0" Priority="0"/>
        <M7 Shift="ssShift" ShiftMask="ssShift,ssAlt,ssCtrl" Button="mbWheelDown" ClickCount="ccAny" ClickDir="cdDown" ButtonUpRestrictions="" Command="emcWheelVertScrollDown" MoveCaret="False" IgnoreUpClick="False" Option="1" Option2="0" Priority="0"/>
        <M8 Shift="ssShift" ShiftMask="ssShift,ssAlt,ssCtrl" Button="mbWheelUp" ClickCount="ccAny" ClickDir="cdDown" ButtonUpRestrictions="" Command="emcWheelVertScrollUp" MoveCaret="False" IgnoreUpClick="False" Option="1" Option2="0" Priority="0"/>
        <M9 Shift="ssAlt,ssCtrl" ShiftMask="ssShift,ssAlt,ssCtrl" Button="mbWheelDown" ClickCount="ccAny" ClickDir="cdDown" ButtonUpRestrictions="" Command="emcWheelVertScrollDown" MoveCaret="False" IgnoreUpClick="False" Option="3" Option2="0" Priority="0"/>
        <M10 Shift="ssAlt,ssCtrl" ShiftMask="ssShift,ssAlt,ssCtrl" Button="mbWheelUp" ClickCount="ccAny" ClickDir="cdDown" ButtonUpRestrictions="" Command="emcWheelVertScrollUp" MoveCaret="False" IgnoreUpClick="False" Option="3" Option2="0" Priority="0"/>
      </Main>
      <MainText Count="13">
        <M0 Shift="" ShiftMask="ssShift,ssAlt,ssCtrl" Button="mbLeft" ClickCount="ccSingle" ClickDir="cdDown" ButtonUpRestrictions="" Command="emcStartSelections" MoveCaret="True" IgnoreUpClick="False" Option="0" Option2="0" Priority="0"/>
        <M1 Shift="ssShift" ShiftMask="ssShift,ssAlt,ssCtrl" Button="mbLeft" ClickCount="ccSingle" ClickDir="cdDown" ButtonUpRestrictions="" Command="emcStartSelections" MoveCaret="True" IgnoreUpClick="False" Option="1" Option2="0" Priority="0"/>
        <M2 Shift="ssCtrl" ShiftMask="ssShift,ssAlt,ssCtrl" Button="mbLeft" ClickCount="ccSingle" ClickDir="cdUp" ButtonUpRestrictions="" Command="emcMouseLink" MoveCaret="False" IgnoreUpClick="False" Option="0" Option2="0" Priority="0"/>
        <M3 Shift="ssShift,ssCtrl" ShiftMask="ssShift,ssAlt,ssCtrl" Button="mbLeft" ClickCount="ccSingle" ClickDir="cdUp" ButtonUpRestrictions="" Command="emcPluginMultiCaretToggleCaret" MoveCaret="False" IgnoreUpClick="False" Option="0" Option2="0" Priority="0"/>
        <M4 Shift="ssAlt" ShiftMask="ssShift,ssAlt,ssCtrl" Button="mbLeft" ClickCount="ccSingle" ClickDir="cdDown" ButtonUpRestrictions="" Command="emcStartColumnSelections" MoveCaret="True" IgnoreUpClick="False" Option="0" Option2="0" Priority="0"/>
        <M5 Shift="ssShift,ssAlt" ShiftMask="ssShift,ssAlt,ssCtrl" Button="mbLeft" ClickCount="ccSingle" ClickDir="cdDown" ButtonUpRestrictions="" Command="emcStartColumnSelections" MoveCaret="True" IgnoreUpClick="False" Option="1" Option2="0" Priority="0"/>
        <M6 Shift="" ShiftMask="ssShift,ssAlt,ssCtrl" Button="mbLeft" ClickCount="ccDouble" ClickDir="cdDown" ButtonUpRestrictions="" Command="emcStartSelectWords" MoveCaret="True" IgnoreUpClick="False" Option="0" Option2="0" Priority="0"/>
        <M7 Shift="" ShiftMask="ssShift,ssAlt,ssCtrl" Button="mbLeft" ClickCount="ccTriple" ClickDir="cdUp" ButtonUpRestrictions="" Command="emcSelectLine" MoveCaret="True" IgnoreUpClick="False" Option="0" Option2="0" Priority="0"/>
        <M8 Shift="" ShiftMask="ssShift,ssAlt,ssCtrl" Button="mbLeft" ClickCount="ccQuad" ClickDir="cdUp" ButtonUpRestrictions="" Command="emcSelectPara" MoveCaret="True" IgnoreUpClick="False" Option="0" Option2="0" Priority="0"/>
        <M9 Shift="ssCtrl" ShiftMask="ssCtrl" Button="mbMiddle" ClickCount="ccSingle" ClickDir="cdUp" ButtonUpRestrictions="" Command="emcWheelZoomNorm" MoveCaret="False" IgnoreUpClick="False" Option="0" Option2="0" Priority="0"/>
        <M10 Shift="" ShiftMask="ssCtrl" Button="mbRight" ClickCount="ccSingle" ClickDir="cdUp" ButtonUpRestrictions="" Command="emcContextMenu" MoveCaret="False" IgnoreUpClick="False" Option="0" Option2="0" Priority="0"/>
        <M11 Shift="ssCtrl" ShiftMask="ssCtrl" Button="mbRight" ClickCount="ccSingle" ClickDir="cdUp" ButtonUpRestrictions="" Command="emcContextMenu" MoveCaret="True" IgnoreUpClick="False" Option="1" Option2="2" Priority="0"/>
        <M12 Shift="" ShiftMask="" Button="mbLeft" ClickCount="ccSingle" ClickDir="cdUp" ButtonUpRestrictions="" Command="emcNone" MoveCaret="True" IgnoreUpClick="False" Option="0" Option2="0" Priority="99"/>
      </MainText>
      <MainSelection Count="2">
        <M0 Shift="ssShift,ssCtrl" ShiftMask="ssShift,ssAlt,ssCtrl" Button="mbLeft" ClickCount="ccSingle" ClickDir="cdUp" ButtonUpRestrictions="" Command="emcPluginMultiCaretSelectionToCarets" MoveCaret="False" IgnoreUpClick="False" Option="0" Option2="0" Priority="0"/>
        <M1 Shift="" ShiftMask="" Button="mbLeft" ClickCount="ccSingle" ClickDir="cdDown" ButtonUpRestrictions="" Command="emcStartDragMove" MoveCaret="False" IgnoreUpClick="False" Option="1" Option2="0" Priority="0"/>
      </MainSelection>
      <Gutter Count="4">
        <M0 Shift="" ShiftMask="" Button="mbRight" ClickCount="ccSingle" ClickDir="cdUp" ButtonUpRestrictions="" Command="emcContextMenu" MoveCaret="False" IgnoreUpClick="False" Option="0" Option2="0" Priority="0"/>
        <M1 Shift="" ShiftMask="ssShift" Button="mbLeft" ClickCount="ccAny" ClickDir="cdDown" ButtonUpRestrictions="" Command="emcStartSelections" MoveCaret="True" IgnoreUpClick="False" Option="0" Option2="0" Priority="0"/>
        <M2 Shift="ssShift" ShiftMask="ssShift" Button="mbLeft" ClickCount="ccAny" ClickDir="cdDown" ButtonUpRestrictions="" Command="emcStartSelections" MoveCaret="True" IgnoreUpClick="False" Option="1" Option2="0" Priority="0"/>
        <M3 Shift="" ShiftMask="" Button="mbLeft" ClickCount="ccAny" ClickDir="cdUp" ButtonUpRestrictions="crLastDownPos,crLastDownPosSameLine,crLastDownButton,crLastDownShift" Command="emcOnMainGutterClick" MoveCaret="False" IgnoreUpClick="False" Option="0" Option2="0" Priority="0"/>
      </Gutter>
      <GutterFold Count="2">
        <M0 Shift="" ShiftMask="" Button="mbRight" ClickCount="ccSingle" ClickDir="cdUp" ButtonUpRestrictions="" Command="emcCodeFoldContextMenu" MoveCaret="False" IgnoreUpClick="False" Option="0" Option2="0" Priority="0"/>
        <M1 Shift="" ShiftMask="" Button="mbLeft" ClickCount="ccAny" ClickDir="cdUp" ButtonUpRestrictions="crLastDownPos,crLastDownPosSameLine,crLastDownButton,crLastDownShift" Command="emcNone" MoveCaret="False" IgnoreUpClick="False" Option="0" Option2="0" Priority="0"/>
      </GutterFold>
      <GutterFoldExp Count="4">
        <M0 Shift="" ShiftMask="ssCtrl" Button="mbLeft" ClickCount="ccAny" ClickDir="cdUp" ButtonUpRestrictions="crLastDownPos,crLastDownPosSameLine,crLastDownButton,crLastDownShift" Command="emcCodeFoldCollaps" MoveCaret="False" IgnoreUpClick="False" Option="0" Option2="0" Priority="0"/>
        <M1 Shift="ssCtrl" ShiftMask="ssCtrl" Button="mbLeft" ClickCount="ccAny" ClickDir="cdUp" ButtonUpRestrictions="crLastDownPos,crLastDownPosSameLine,crLastDownButton,crLastDownShift" Command="emcCodeFoldCollaps" MoveCaret="False" IgnoreUpClick="False" Option="1" Option2="0" Priority="0"/>
        <M2 Shift="" ShiftMask="" Button="mbMiddle" ClickCount="ccAny" ClickDir="cdUp" ButtonUpRestrictions="crLastDownPos,crLastDownPosSameLine,crLastDownButton,crLastDownShift" Command="emcCodeFoldCollaps" MoveCaret="False" IgnoreUpClick="False" Option="0" Option2="0" Priority="0"/>
        <M3 Shift="" ShiftMask="" Button="mbLeft" ClickCount="ccAny" ClickDir="cdDown" ButtonUpRestrictions="" Command="emcNone" MoveCaret="False" IgnoreUpClick="False" Option="0" Option2="0" Priority="0"/>
      </GutterFoldExp>
      <GutterFoldCol Count="5">
        <M0 Shift="ssAlt" ShiftMask="ssAlt,ssCtrl" Button="mbLeft" ClickCount="ccAny" ClickDir="cdUp" ButtonUpRestrictions="crLastDownPos,crLastDownPosSameLine,crLastDownButton,crLastDownShift" Command="emcCodeFoldCollaps" MoveCaret="False" IgnoreUpClick="False" Option="0" Option2="0" Priority="0"/>
        <M1 Shift="ssCtrl" ShiftMask="ssAlt,ssCtrl" Button="mbLeft" ClickCount="ccAny" ClickDir="cdUp" ButtonUpRestrictions="crLastDownPos,crLastDownPosSameLine,crLastDownButton,crLastDownShift" Command="emcCodeFoldExpand" MoveCaret="False" IgnoreUpClick="False" Option="1" Option2="0" Priority="0"/>
        <M2 Shift="" ShiftMask="" Button="mbLeft" ClickCount="ccAny" ClickDir="cdUp" ButtonUpRestrictions="crLastDownPos,crLastDownPosSameLine,crLastDownButton,crLastDownShift" Command="emcCodeFoldExpand" MoveCaret="False" IgnoreUpClick="False" Option="0" Option2="0" Priority="0"/>
        <M3 Shift="" ShiftMask="" Button="mbMiddle" ClickCount="ccAny" ClickDir="cdUp" ButtonUpRestrictions="crLastDownPos,crLastDownPosSameLine,crLastDownButton,crLastDownShift" Command="emcCodeFoldCollaps" MoveCaret="False" IgnoreUpClick="False" Option="0" Option2="0" Priority="0"/>
        <M4 Shift="" ShiftMask="" Button="mbLeft" ClickCount="ccAny" ClickDir="cdDown" ButtonUpRestrictions="" Command="emcNone" MoveCaret="False" IgnoreUpClick="False" Option="0" Option2="0" Priority="0"/>
      </GutterFoldCol>
      <GutterLineNum Count="3">
        <M0 Shift="" ShiftMask="ssShift" Button="mbLeft" ClickCount="ccAny" ClickDir="cdDown" ButtonUpRestrictions="" Command="emcStartLineSelectionsNoneEmpty" MoveCaret="True" IgnoreUpClick="False" Option="0" Option2="0" Priority="0"/>
        <M1 Shift="ssShift" ShiftMask="ssShift" Button="mbLeft" ClickCount="ccAny" ClickDir="cdDown" ButtonUpRestrictions="" Command="emcStartLineSelectionsNoneEmpty" MoveCaret="True" IgnoreUpClick="False" Option="1" Option2="0" Priority="0"/>
        <M2 Shift="" ShiftMask="" Button="mbLeft" ClickCount="ccAny" ClickDir="cdUp" ButtonUpRestrictions="" Command="emcNone" MoveCaret="False" IgnoreUpClick="False" Option="0" Option2="0" Priority="0"/>
      </GutterLineNum>
      <GutterLineChange Count="3">
        <M0 Shift="" ShiftMask="ssShift" Button="mbLeft" ClickCount="ccAny" ClickDir="cdDown" ButtonUpRestrictions="" Command="emcStartSelections" MoveCaret="True" IgnoreUpClick="False" Option="0" Option2="0" Priority="0"/>
        <M1 Shift="ssShift" ShiftMask="ssShift" Button="mbLeft" ClickCount="ccAny" ClickDir="cdDown" ButtonUpRestrictions="" Command="emcStartSelections" MoveCaret="True" IgnoreUpClick="False" Option="1" Option2="0" Priority="0"/>
        <M2 Shift="" ShiftMask="" Button="mbLeft" ClickCount="ccAny" ClickDir="cdUp" ButtonUpRestrictions="" Command="emcNone" MoveCaret="False" IgnoreUpClick="False" Option="0" Option2="0" Priority="0"/>
      </GutterLineChange>
      <GutterOverView Count="1">
        <M0 Shift="" ShiftMask="ssShift,ssAlt,ssCtrl" Button="mbLeft" ClickCount="ccAny" ClickDir="cdUp" ButtonUpRestrictions="crLastDownPos,crLastDownPosSearchAll,crLastDownButton,crLastDownShift,crAllowFallback" Command="emcOverViewGutterScrollTo" MoveCaret="True" IgnoreUpClick="False" Option="0" Option2="0" Priority="0"/>
      </GutterOverView>
      <GutterOverViewMarks Count="1">
        <M0 Shift="" ShiftMask="ssShift,ssAlt,ssCtrl" Button="mbLeft" ClickCount="ccAny" ClickDir="cdUp" ButtonUpRestrictions="crLastDownPos,crLastDownButton,crLastDownShift,crAllowFallback" Command="emcOverViewGutterGotoMark" MoveCaret="True" IgnoreUpClick="False" Option="0" Option2="0" Priority="0"/>
      </GutterOverViewMarks>
    </Mouse>
    <General>
      <Editor ShowTabCloseButtons="False" EnhanceHomeKey="True" EnhanceEndKey="True"/>
    </General>
    <Misc MultiCaretDefaultColumnSelectMode="mcmMoveAllCarets"/>
  </EditorOptions>
</CONFIG>
