<?xml version="1.0" encoding="UTF-8"?>
<CONFIG>
  <EditorOptions Version="11">
    <Color Version="11">
      <LangObjectPascal Version="11">
        <ColorScheme Value="Delphi_Atom"/>
        <SchemeTwilight>
          <Comment Foreground="1052906" UseSchemeGlobals="False"/>
          <Assembler Foreground="3404810" UseSchemeGlobals="False"/>
          <Directive Foreground="65291" UseSchemeGlobals="False"/>
          <Reserved_word Foreground="12434804" UseSchemeGlobals="False"/>
        </SchemeTwilight>
      </LangObjectPascal>
      <Globals Version="11">
        <SchemeTwilight>
          <ahaLineNumber Foreground="clWhite"/>
          <ahaGutterSeparator Background="clBlack"/>
        </SchemeTwilight>
        <SchemeDelphi_Atom>
          <ahaIdentComplWindowHighlight Foreground="clFuchsia"/>
          <ahaOutlineLevel1Color Foreground="clLime"/>
          <ahaOutlineLevel2Color Foreground="clAqua"/>
          <ahaOutlineLevel3Color Foreground="clRed"/>
          <ahaOutlineLevel4Color Foreground="clFuchsia"/>
        </SchemeDelphi_Atom>
      </Globals>
    </Color>
    <Display RightMargin="120" VisibleRightMargin="False" DoNotWarnForFont="Consolas" EditorFont="Consolas"/>
    <KeyMapping>
      <default Count="2">
        <Version Value="6"/>
        <printselection Value="80,1,0,0,0,0,0,0"/>
        <Item1 Name="Toggle view Call Stack">
          <KeyA Default="False"/>
        </Item1>
        <Item2 Name="Toggle view Local Variables">
          <KeyA Default="False"/>
          <KeyB Default="False"/>
        </Item2>
      </default>
    </KeyMapping>
    <CodeFolding UseCodeFolding="False"/>
    <DividerDraw>
      <LangObjectPascal>
        <TypeSect>
          <MaxDepth Value="0"/>
        </TypeSect>
        <TypeGVar>
          <MaxDepth Value="0"/>
        </TypeGVar>
        <TypeGStruct>
          <MaxDepth Value="0"/>
        </TypeGStruct>
        <TypeProc>
          <MaxDepth Value="0"/>
        </TypeProc>
      </LangObjectPascal>
    </DividerDraw>
    <CodeTools CodeTemplateFileName="C:\Users\Jarek\AppData\Roaming\typhon32\codetemplates.dci" CompletionLongLineHintTypeCompletionLongLineHintType="sclpExtendRightOnly"/>
    <Mouse>
      <Default Version="1"/>
    </Mouse>
    <General>
      <Editor ShowTabCloseButtons="False"/>
    </General>
    <FoldConfig>
      <LangObjectPascal>
        <TypeForDo>
          <Settings Modes="fmMarkup,fmOutline"/>
        </TypeForDo>
        <TypeWhileDo>
          <Settings Modes="fmMarkup,fmOutline"/>
        </TypeWhileDo>
        <TypeWithDo>
          <Settings Modes="fmMarkup,fmOutline"/>
        </TypeWithDo>
      </LangObjectPascal>
    </FoldConfig>
  </EditorOptions>
</CONFIG>
