<?xml version="1.0" encoding="utf-8"?>
<CONFIG>
  <Settings HeaderColor="536870912"/>
  <MainConfig>
    <Nodes ChildCount="4">
      <Item1 Name="MainIDE" Type="CustomSite">
        <Bounds Top="4" Left="1" Width="1600" Height="109">
          <WorkArea>
            <Rect Right="1920" Bottom="1040"/>
          </WorkArea>
        </Bounds>
      </Item1>
      <Item2 Name="SourceNotebook" Type="Control">
        <Bounds Top="157" Left="361" Width="1237" Height="603">
          <WorkArea>
            <Rect Right="1920" Bottom="1040"/>
          </WorkArea>
        </Bounds>
      </Item2>
      <Item3 Name="ObjectInspectorDlg" Type="Control">
        <Bounds Top="157" Left="1" Width="340" Height="735">
          <WorkArea>
            <Rect Right="1920" Bottom="1040"/>
          </WorkArea>
        </Bounds>
      </Item3>
      <Item4 Name="MessagesView" Type="Control">
        <Bounds Top="801" Left="360" Width="1236" Height="93">
          <WorkArea>
            <Rect Right="1920" Bottom="1040"/>
          </WorkArea>
        </Bounds>
      </Item4>
    </Nodes>
  </MainConfig>
</CONFIG>
