<?xml version="1.0" encoding="UTF-8"?>
<CONFIG>
  <InputHistory>
    <Version Value="1"/>
    <Find>
      <Version Value="1"/>
    </Find>
    <FileDialog InitialDir="D:\Projekty Lazarus\OTIS 2\">
      <HistoryList Count="8">
        <Item1 Value="D:\Projekty Lazarus\OTIS 2\"/>
        <Item2 Value="D:\Projekty Lazarus\Ikony\16x16 icons 2\"/>
        <Item3 Value="D:\Projekty Lazarus\Ikony\32x32 png\"/>
        <Item4 Value="D:\Projekty Lazarus\Ikony\"/>
        <Item5 Value="D:\Projekty Lazarus\Ikony\16x16 icons 1\"/>
        <Item6 Value="C:\codetyphon"/>
        <Item7 Value="C:\codetyphon\typhon"/>
        <Item8 Value="C:\codetyphon\CodeOcean"/>
      </HistoryList>
    </FileDialog>
    <View>
      <NeedBuild Target="YearPlan"/>
    </View>
  </InputHistory>
</CONFIG>
