<?xml version="1.0" encoding="UTF-8"?>
<CONFIG>
  <InputHistory>
    <Version Value="1"/>
    <Find>
      <Version Value="1"/>
    </Find>
    <FileDialog InitialDir="E:\Projekty Lazarusa\OTIS-2\">
      <HistoryList Count="5">
        <Item1 Value="E:\Projekty Lazarusa\OTIS-2\"/>
        <Item2 Value="C:\codetyphon\typhon\components\YearPlan\"/>
        <Item3 Value="C:\codetyphon"/>
        <Item4 Value="C:\codetyphon\typhon"/>
        <Item5 Value="C:\codetyphon\CodeOcean"/>
      </HistoryList>
    </FileDialog>
  </InputHistory>
</CONFIG>
