<?xml version="1.0" encoding="UTF-8"?>
<CONFIG>
  <EnvironmentOptions>
    <Version Value="110" Typhon="6.3"/>
    <TyphonDirectory Value="C:\codetyphon\typhon">
      <History Count="2">
        <Item1 Value="C:\codetyphon\typhon\"/>
        <Item2 Value="C:\typhon\"/>
      </History>
    </TyphonDirectory>
    <CompilerFilename Value="C:\codetyphon\fpc\fpc32\bin\i386-win32\fpc.exe">
      <History Count="7">
        <Item1 Value="C:\codetyphon\fpc\fpc32\bin\i386-win32\ppc386.exe"/>
        <Item2 Value="C:\pp\bin\i386-win32\fpc.exe"/>
        <Item3 Value="C:\pp\bin\i386-win32\fpc.exee"/>
        <Item4 Value="C:\pp\bin\i386-win32\ppc386.exe"/>
        <Item5 Value="C:\fpc\2.3.1\bin\i386-win32\fpc.exe"/>
        <Item6 Value="C:\typhon\fpc\2.3.1\bin\i386-win32\fpc.exe"/>
        <Item7 Value="C:\codetyphon\fpc\fpc32\bin\i386-win32\fpc.exe"/>
      </History>
    </CompilerFilename>
    <FPCSourceDirectory Value="C:\codetyphon\fpcsrc\">
      <History Count="2">
        <Item1 Value="c:\codetyphon\fpcsrc\"/>
        <Item2 Value="C:\pp\"/>
      </History>
    </FPCSourceDirectory>
    <MakeFilename Value="C:\codetyphon\fpc\fpc32\bin\i386-win32\make.exe">
      <History Count="4">
        <Item1 Value="C:\pp\bin\i386-win32\make.exe"/>
        <Item2 Value="C:\fpc\2.3.1\bin\i386-win32\make.exe"/>
        <Item3 Value="C:\typhon\fpc\2.3.1\bin\i386-win32\make.exe"/>
        <Item4 Value="C:\codetyphon\fpc\fpc32\bin\i386-win32\make.exe"/>
      </History>
    </MakeFilename>
    <TestBuildDirectory Value="C:\codetyphon\typhonTemp\">
      <History Count="3">
        <Item1 Value="C:\typhonTemp\"/>
        <Item2 Value="C:\temp\"/>
        <Item3 Value="C:\codetyphon\typhonTemp\"/>
      </History>
    </TestBuildDirectory>
    <BackupProjectFiles Type="None" SubDirectory=""/>
    <BackupOtherFiles Type="None" SubDirectory=""/>
    <Debugger Class="TGDBMIDebugger" EventLogLineLimit="100">
      <WatchesDlg ColumnNameWidth="-1" ColumnValueWidth="-1"/>
      <CallStackDlg ViewCount="0"/>
    </Debugger>
    <DebuggerFilename Value="C:\codetyphon\binGDB\win32\gdb.exe">
      <History Count="3">
        <Item1 Value="C:\pp\binGDB\win32\gdb.exe"/>
        <Item2 Value="C:\pp\binGDB\wince\gdb.exe"/>
        <Item3 Value="C:\codetyphon\binGDB\win32\gdb.exe"/>
      </History>
    </DebuggerFilename>
    <DebuggerOptions>
      <ShowStopMessage Value="False"/>
    </DebuggerOptions>
    <Recent>
      <OpenFiles Count="3">
        <Item1 Value="C:\codetyphon\typhon\components\YearPlan\yearplanner.pas"/>
        <Item2 Value="C:\codetyphon\typhon\ide\ct_popuppkgs.pas"/>
        <Item3 Value="C:\codetyphon\typhon\ide\ct_popupcomppages.pas"/>
      </OpenFiles>
      <ProjectFiles Count="1">
        <Item1 Value="C:\codetyphon\CodeOcean\0_Tools\OpenC2Pas\OpenC2Pas.ctpr"/>
      </ProjectFiles>
      <PackageFiles Count="2">
        <Item1 Value="C:\codetyphon\typhon\components\YearPlan\YearPlan.ctpkg"/>
        <Item2 Value="C:\codetyphon\typhon\components\pl_OpenGL\pl_opengl.ctpkg"/>
      </PackageFiles>
    </Recent>
    <ExternalTools Version="3"/>
    <CharcaseFileAction Value="Ask"/>
    <FormEditor>
      <Rubberband>
        <SelectionColor Value="8388608"/>
        <CreationColor Value="128"/>
      </Rubberband>
    </FormEditor>
    <LastCalledByTyphonFullPath Value="C:\codetyphon\typhon\bin32\typhon.exe"/>
    <CompilerMessagesFilename>
      <History Count="2">
        <Item2 Value="$(FPCSrcDir)\compiler\msg\errordu.msg"/>
      </History>
    </CompilerMessagesFilename>
    <OptionDialog>
      <Tree>
        <TEditorOptions>
          <TEditorMouseOptionsFrame Value="False"/>
        </TEditorOptions>
      </Tree>
    </OptionDialog>
  </EnvironmentOptions>
  <ObjectInspectorOptions ShowHints="False" InfoBoxHeight="50">
    <Version Value="3"/>
  </ObjectInspectorOptions>
  <Desktops Count="2" ActiveDesktop="default docked">
    <Desktop1 Name="default">
      <Desktop Version="2" FormIdCount="31">
        <FormIdList a1="MainIDE" a2="ObjectInspectorDlg" a3="MessagesView" a4="SourceNotebook" a5="PseudoTerminal" a6="Watches" a7="BreakPoints" a8="Locals" a9="CallStack" a10="EvaluateModify" a11="Registers" a12="Assembler" a13="DbgOutput" a14="Inspect" a15="DbgEvents" a16="Threads" a17="DbgHistory" a18="UnitDependencies" a19="CodeExplorerView" a20="FPDocEditor" a21="ClipBrdHistory" a22="PkgGraphExplorer" a23="ProjectInspector" a24="EditorFileManager" a25="SearchResults" a26="AnchorEditor" a27="TabOrderEditor" a28="CodeBrowser" a29="IssueBrowser" a30="JumpHistory" a31="ComponentList"/>
      </Desktop>
      <MainIDE>
        <Caption Value="MainIDE"/>
        <CustomPosition Width="1200" Height="100"/>
        <Visible Value="True"/>
      </MainIDE>
      <ObjectInspectorDlg>
        <Caption Value="ObjectInspectorDlg"/>
        <CustomPosition Left="4" Top="136" Width="230" Height="641"/>
        <Visible Value="True"/>
      </ObjectInspectorDlg>
      <MessagesView>
        <Caption Value="MessagesView"/>
        <CustomPosition Left="241" Top="682" Width="959" Height="100"/>
        <Visible Value="True"/>
      </MessagesView>
      <SourceNotebook>
        <Caption Value="SourceNotebook"/>
        <CustomPosition Left="242" Top="136" Width="957" Height="509"/>
      </SourceNotebook>
      <PseudoTerminal>
        <Caption Value="PseudoTerminal"/>
      </PseudoTerminal>
      <Watches>
        <Caption Value="Watches"/>
      </Watches>
      <BreakPoints>
        <Caption Value="BreakPoints"/>
      </BreakPoints>
      <Locals>
        <Caption Value="Locals"/>
      </Locals>
      <CallStack>
        <Caption Value="CallStack"/>
      </CallStack>
      <EvaluateModify>
        <Caption Value="EvaluateModify"/>
      </EvaluateModify>
      <Registers>
        <Caption Value="Registers"/>
      </Registers>
      <Assembler>
        <Caption Value="Assembler"/>
      </Assembler>
      <DbgOutput>
        <Caption Value="DbgOutput"/>
      </DbgOutput>
      <Inspect>
        <Caption Value="Inspect"/>
      </Inspect>
      <DbgEvents>
        <Caption Value="DbgEvents"/>
      </DbgEvents>
      <Threads>
        <Caption Value="Threads"/>
      </Threads>
      <DbgHistory>
        <Caption Value="DbgHistory"/>
      </DbgHistory>
      <UnitDependencies>
        <Caption Value="UnitDependencies"/>
      </UnitDependencies>
      <CodeExplorerView>
        <Caption Value="CodeExplorerView"/>
      </CodeExplorerView>
      <FPDocEditor>
        <Caption Value="FPDocEditor"/>
      </FPDocEditor>
      <ClipBrdHistory>
        <Caption Value="ClipBrdHistory"/>
      </ClipBrdHistory>
      <PkgGraphExplorer>
        <Caption Value="PkgGraphExplorer"/>
      </PkgGraphExplorer>
      <ProjectInspector>
        <Caption Value="ProjectInspector"/>
      </ProjectInspector>
      <EditorFileManager>
        <Caption Value="EditorFileManager"/>
      </EditorFileManager>
      <SearchResults>
        <Caption Value="SearchResults"/>
      </SearchResults>
      <AnchorEditor>
        <Caption Value="AnchorEditor"/>
      </AnchorEditor>
      <TabOrderEditor>
        <Caption Value="TabOrderEditor"/>
      </TabOrderEditor>
      <CodeBrowser>
        <Caption Value="CodeBrowser"/>
      </CodeBrowser>
      <IssueBrowser>
        <Caption Value="IssueBrowser"/>
      </IssueBrowser>
      <JumpHistory>
        <Caption Value="JumpHistory"/>
      </JumpHistory>
      <ComponentList>
        <Caption Value="ComponentList"/>
      </ComponentList>
      <Dialogs Count="3">
        <Dialog1>
          <Name Value="TLazFindInFilesDialog"/>
          <Size Width="0" Height="0"/>
        </Dialog1>
        <Dialog2>
          <Name Value="TLazFindReplaceDialog"/>
          <Size Width="0" Height="0"/>
        </Dialog2>
        <Dialog3>
          <Name Value="TIDEOptionsDialog"/>
          <Size Width="800" Height="600"/>
        </Dialog3>
      </Dialogs>
      <IDECoolBarOptions>
        <Width Value="230"/>
      </IDECoolBarOptions>
      <EditorToolBarOptions Position="" Version="1" Count="4">
        <Button1 Name="IDEMainMenu/Search/itmJumpings/itmJumpToSection/itmJumpToImplementation"/>
        <Button2 Name="IDEMainMenu/Search/itmJumpings/itmJumpBack"/>
        <Button3 Name="IDEMainMenu/Search/itmJumpings/itmJumpForward"/>
        <Button4 Name="---------------"/>
      </EditorToolBarOptions>
    </Desktop1>
    <Desktop2 Name="default docked" DockMaster="TIDEGlassDockMaster">
      <Desktop Version="2" FormIdCount="32">
        <FormIdList a1="MainIDE" a2="SourceNotebook" a3="MessagesView" a4="PackageEditor_YearPlan" a5="ObjectInspectorDlg" a6="PseudoTerminal" a7="Watches" a8="BreakPoints" a9="Locals" a10="CallStack" a11="EvaluateModify" a12="Registers" a13="Assembler" a14="DbgOutput" a15="Inspect" a16="DbgEvents" a17="Threads" a18="DbgHistory" a19="UnitDependencies" a20="CodeExplorerView" a21="FPDocEditor" a22="ClipBrdHistory" a23="PkgGraphExplorer" a24="ProjectInspector" a25="EditorFileManager" a26="SearchResults" a27="AnchorEditor" a28="TabOrderEditor" a29="CodeBrowser" a30="IssueBrowser" a31="JumpHistory" a32="ComponentList"/>
      </Desktop>
      <MainIDE>
        <Caption Value="MainIDE"/>
        <CustomPosition Left="1" Top="4" Width="1600" Height="109"/>
        <Visible Value="True"/>
      </MainIDE>
      <SourceNotebook>
        <Caption Value="SourceNotebook"/>
        <CustomPosition Left="402" Top="184" Width="1223" Height="581"/>
        <Visible Value="True"/>
      </SourceNotebook>
      <MessagesView>
        <Caption Value="MessagesView"/>
        <CustomPosition Left="396" Top="831" Width="1222" Height="97"/>
      </MessagesView>
      <PackageEditor_YearPlan>
        <Caption Value="PackageEditor_YearPlan"/>
        <CustomPosition Left="815" Top="227" Width="466" Height="494"/>
      </PackageEditor_YearPlan>
      <ObjectInspectorDlg>
        <Caption Value="ObjectInspectorDlg"/>
        <CustomPosition Left="9" Top="236" Width="340" Height="813"/>
      </ObjectInspectorDlg>
      <PseudoTerminal>
        <Caption Value="PseudoTerminal"/>
      </PseudoTerminal>
      <Watches>
        <Caption Value="Watches"/>
      </Watches>
      <BreakPoints>
        <Caption Value="BreakPoints"/>
      </BreakPoints>
      <Locals>
        <Caption Value="Locals"/>
      </Locals>
      <CallStack>
        <Caption Value="CallStack"/>
      </CallStack>
      <EvaluateModify>
        <Caption Value="EvaluateModify"/>
      </EvaluateModify>
      <Registers>
        <Caption Value="Registers"/>
      </Registers>
      <Assembler>
        <Caption Value="Assembler"/>
      </Assembler>
      <DbgOutput>
        <Caption Value="DbgOutput"/>
      </DbgOutput>
      <Inspect>
        <Caption Value="Inspect"/>
      </Inspect>
      <DbgEvents>
        <Caption Value="DbgEvents"/>
      </DbgEvents>
      <Threads>
        <Caption Value="Threads"/>
      </Threads>
      <DbgHistory>
        <Caption Value="DbgHistory"/>
      </DbgHistory>
      <UnitDependencies>
        <Caption Value="UnitDependencies"/>
      </UnitDependencies>
      <CodeExplorerView>
        <Caption Value="CodeExplorerView"/>
      </CodeExplorerView>
      <FPDocEditor>
        <Caption Value="FPDocEditor"/>
      </FPDocEditor>
      <ClipBrdHistory>
        <Caption Value="ClipBrdHistory"/>
      </ClipBrdHistory>
      <PkgGraphExplorer>
        <Caption Value="PkgGraphExplorer"/>
      </PkgGraphExplorer>
      <ProjectInspector>
        <Caption Value="ProjectInspector"/>
      </ProjectInspector>
      <EditorFileManager>
        <Caption Value="EditorFileManager"/>
      </EditorFileManager>
      <SearchResults>
        <Caption Value="SearchResults"/>
      </SearchResults>
      <AnchorEditor>
        <Caption Value="AnchorEditor"/>
      </AnchorEditor>
      <TabOrderEditor>
        <Caption Value="TabOrderEditor"/>
      </TabOrderEditor>
      <CodeBrowser>
        <Caption Value="CodeBrowser"/>
      </CodeBrowser>
      <IssueBrowser>
        <Caption Value="IssueBrowser"/>
      </IssueBrowser>
      <JumpHistory>
        <Caption Value="JumpHistory"/>
      </JumpHistory>
      <ComponentList>
        <Caption Value="ComponentList"/>
      </ComponentList>
      <Dialogs Count="7">
        <Dialog1>
          <Name Value="TLazFindInFilesDialog"/>
          <Size Width="0" Height="0"/>
        </Dialog1>
        <Dialog2>
          <Name Value="TLazFindReplaceDialog"/>
          <Size Width="0" Height="0"/>
        </Dialog2>
        <Dialog3>
          <Name Value="TInstallPkgSetDialog"/>
          <Size Width="607" Height="578"/>
        </Dialog3>
        <Dialog4>
          <Name Value="TOpenLoadedPackagesDlg"/>
          <Size Width="450" Height="450"/>
        </Dialog4>
        <Dialog5>
          <Name Value="TIDEOptionsDialog"/>
          <Size Width="1332" Height="773"/>
        </Dialog5>
        <Dialog6>
          <Name Value="TShortCutDialog"/>
          <Size Width="422" Height="100"/>
        </Dialog6>
        <Dialog7>
          <Name Value="TToolBarConfig"/>
          <Size Width="771" Height="503"/>
        </Dialog7>
      </Dialogs>
      <IDECoolBarOptions Count="1">
        <Width Value="230"/>
        <ToolBar1 Version="1" Count="47">
          <Button1 Name="New"/>
          <Button2 Name="NewUnit"/>
          <Button3 Name="NewForm"/>
          <Button4 Name="---------------"/>
          <Button5 Name="New Multi-Project"/>
          <Button6 Name="Open Multi-Project"/>
          <Button7 Name="Multi-Project Inspector ..."/>
          <Button8 Name="---------------"/>
          <Button9 Name="New project"/>
          <Button10 Name="Open project"/>
          <Button11 Name="Save project"/>
          <Button12 Name="Save project as"/>
          <Button13 Name="Project Inspector"/>
          <Button14 Name="View project options"/>
          <Button15 Name="---------------"/>
          <Button16 Name="Open"/>
          <Button17 Name="Save"/>
          <Button18 Name="SaveAs"/>
          <Button19 Name="SaveAll"/>
          <Button20 Name="---------------"/>
          <Button21 Name="Toggle view Source Editor"/>
          <Button22 Name="Toggle view Object Inspector"/>
          <Button23 Name="View Components"/>
          <Button24 Name="View Units"/>
          <Button25 Name="View Forms"/>
          <Button26 Name="Toggle between Unit and Form"/>
          <Button27 Name="---------------"/>
          <Button28 Name="Find text"/>
          <Button29 Name="Replace text"/>
          <Button30 Name="---------------"/>
          <Button31 Name="Open package file"/>
          <Button32 Name="Open package file from List"/>
          <Button33 Name="Package graph"/>
          <Button34 Name="---------------"/>
          <Button35 Name="Example Projects"/>
          <Button36 Name="General environment options"/>
          <Button37 Name="Manage desktops"/>
          <Button38 Name="---------------"/>
          <Button39 Name="Compile project/program"/>
          <Button40 Name="Build project/program"/>
          <Button41 Name="Run without debugging"/>
          <Button42 Name="Run program"/>
          <Button43 Name="Pause program"/>
          <Button44 Name="Stop program"/>
          <Button45 Name="Step over"/>
          <Button46 Name="Step into"/>
          <Button47 Name="Step out"/>
        </ToolBar1>
      </IDECoolBarOptions>
      <EditorToolBarOptions Version="1" Count="4">
        <Button1 Name="Jump to Implementation"/>
        <Button2 Name="Jump back"/>
        <Button3 Name="Jump forward"/>
        <Button4 Name="---------------"/>
      </EditorToolBarOptions>
      <ComponentPaletteOptions>
        <Pages Count="146">
          <Item1 Value="Standard"/>
          <Item2 Value="Additional"/>
          <Item3 Value="Common Controls"/>
          <Item4 Value="Misc"/>
          <Item5 Value="Dialogs"/>
          <Item6 Value="System"/>
          <Item7 Value="BaseControls"/>
          <Item8 Value="Data Access"/>
          <Item9 Value="Data Controls"/>
          <Item10 Value="RX DBAware"/>
          <Item11 Value="Reports"/>
          <Item12 Value="Zeos Access"/>
          <Item13 Value="RichText"/>
          <Item14 Value="Jaro"/>
          <Item15 Value="ACS I/O"/>
          <Item16 Value="ACS Processing"/>
          <Item17 Value="ASIO/VST Basics"/>
          <Item18 Value="ASIO/VST DSP"/>
          <Item19 Value="ASIO/VST GUI"/>
          <Item20 Value="ASIO/VST GUI Stitched"/>
          <Item21 Value="ASIO/VST Modular"/>
          <Item22 Value="Abbrevia"/>
          <Item23 Value="ActiveX"/>
          <Item24 Value="AggPas"/>
          <Item25 Value="Astronomy"/>
          <Item26 Value="BGRA Controls 1"/>
          <Item27 Value="BGRA Controls 2"/>
          <Item28 Value="BGRA uEControls"/>
          <Item29 Value="Barcodes"/>
          <Item30 Value="Brook Brokers"/>
          <Item31 Value="Brook Core"/>
          <Item32 Value="Ceos"/>
          <Item33 Value="Chart"/>
          <Item34 Value="Chromium"/>
          <Item35 Value="Cindy Base"/>
          <Item36 Value="Cindy Base Adv"/>
          <Item37 Value="Cindy Base Edit"/>
          <Item38 Value="Cindy Data Non-Visual"/>
          <Item39 Value="Cindy Data Visual"/>
          <Item40 Value="Cindy Non-Visual"/>
          <Item41 Value="ColorLib"/>
          <Item42 Value="Custom Drawn"/>
          <Item43 Value="DCP Ciphers"/>
          <Item44 Value="DCP Hashes"/>
          <Item45 Value="Data Export"/>
          <Item46 Value="DataPort"/>
          <Item47 Value="Docking"/>
          <Item48 Value="ECControls"/>
          <Item49 Value="Extra Compress"/>
          <Item50 Value="Extra Controls 1"/>
          <Item51 Value="Extra Controls 2"/>
          <Item52 Value="Extra Database"/>
          <Item53 Value="Extra Design"/>
          <Item54 Value="Extra Geographic"/>
          <Item55 Value="Extra System"/>
          <Item56 Value="FPReport"/>
          <Item57 Value="FZControls"/>
          <Item58 Value="FZControls DB"/>
          <Item59 Value="Fortes Report"/>
          <Item60 Value="FpWeb"/>
          <Item61 Value="FreeSpider"/>
          <Item62 Value="GLScene"/>
          <Item63 Value="GLScene PFX"/>
          <Item64 Value="GLScene Shaders"/>
          <Item65 Value="GLScene Terrain"/>
          <Item66 Value="GLScene Utils"/>
          <Item67 Value="GaiaGIS"/>
          <Item68 Value="GeoGIS"/>
          <Item69 Value="Google API 1"/>
          <Item70 Value="Google API 2"/>
          <Item71 Value="Google API 3"/>
          <Item72 Value="Google API 4"/>
          <Item73 Value="Graphics32 Base"/>
          <Item74 Value="Graphics32 Extra"/>
          <Item75 Value="Graphics32 MiniGlue"/>
          <Item76 Value="HtmlViewer"/>
          <Item77 Value="IPro"/>
          <Item78 Value="Industrial"/>
          <Item79 Value="Indy Clients - Core"/>
          <Item80 Value="Indy Clients Protocols (am)"/>
          <Item81 Value="Indy Clients Protocols (nz)"/>
          <Item82 Value="Indy I/O Handlers - Core"/>
          <Item83 Value="Indy I/O Handlers Protocols"/>
          <Item84 Value="Indy Intercepts - Core"/>
          <Item85 Value="Indy Intercepts Protocols"/>
          <Item86 Value="Indy Misc - Core"/>
          <Item87 Value="Indy Misc Protocols"/>
          <Item88 Value="Indy Misc Protocols Decoder"/>
          <Item89 Value="Indy Misc Protocols Encoder"/>
          <Item90 Value="Indy SASL Protocols"/>
          <Item91 Value="Indy Servers - Core"/>
          <Item92 Value="Indy Servers Mapped Port"/>
          <Item93 Value="Indy Servers Protocols (am)"/>
          <Item94 Value="Indy Servers Protocols (nz)"/>
          <Item95 Value="JVCL"/>
          <Item96 Value="JVCL DB"/>
          <Item97 Value="JVCL NAV"/>
          <Item98 Value="JVCL VAL"/>
          <Item99 Value="JVCL XP"/>
          <Item100 Value="Jujibo"/>
          <Item101 Value="Jujibo DB"/>
          <Item102 Value="KContols"/>
          <Item103 Value="LNet"/>
          <Item104 Value="LockBox"/>
          <Item105 Value="LuiControls"/>
          <Item106 Value="LuiControls DB"/>
          <Item107 Value="LuiControls REST"/>
          <Item108 Value="Multimedia"/>
          <Item109 Value="ORCA"/>
          <Item110 Value="OnGuard"/>
          <Item111 Value="OpenGL"/>
          <Item112 Value="OpenGPSX"/>
          <Item113 Value="OpenWeather"/>
          <Item114 Value="OpenWire"/>
          <Item115 Value="Orpheus"/>
          <Item116 Value="PasDoc"/>
          <Item117 Value="Pascal Script"/>
          <Item118 Value="PascalSCADA - FreePascal"/>
          <Item119 Value="PascalSCADA Database"/>
          <Item120 Value="PascalSCADA HCl"/>
          <Item121 Value="PascalSCADA Ports"/>
          <Item122 Value="PascalSCADA Protocols"/>
          <Item123 Value="PascalSCADA Tags"/>
          <Item124 Value="PascalSCADA User Management"/>
          <Item125 Value="PascalSCADA Utils"/>
          <Item126 Value="PowerPdf"/>
          <Item127 Value="RTTI"/>
          <Item128 Value="RX"/>
          <Item129 Value="RX Tools"/>
          <Item130 Value="SQLdb"/>
          <Item131 Value="Shapes"/>
          <Item132 Value="Shapes Objects"/>
          <Item133 Value="Solutions"/>
          <Item134 Value="SpkToolbar"/>
          <Item135 Value="Spreadsheet"/>
          <Item136 Value="SynEdit"/>
          <Item137 Value="SynapseVS"/>
          <Item138 Value="TitanScripter"/>
          <Item139 Value="UIB"/>
          <Item140 Value="UserControl"/>
          <Item141 Value="Virtual Controls"/>
          <Item142 Value="Virtual Controls DB"/>
          <Item143 Value="Visual PlanIt"/>
          <Item144 Value="Win_DSPack"/>
          <Item145 Value="Win_MIDI"/>
          <Item146 Value="ZMSql"/>
        </Pages>
      </ComponentPaletteOptions>
      <GlassDocking>
        <Version Value="1"/>
        <Settings HeaderColor="536870912"/>
        <MainConfig>
          <Nodes ChildCount="4">
            <Item1 Name="MainIDE" Type="CustomSite">
              <Bounds Left="1" Top="4" Width="1600" Height="109">
                <WorkArea>
                  <Rect Right="1920" Bottom="1040"/>
                </WorkArea>
              </Bounds>
            </Item1>
            <Item2 Name="SourceNotebook" Type="Control">
              <Bounds Left="366" Top="154" Width="1237" Height="581">
                <WorkArea>
                  <Rect Right="1920" Bottom="1040"/>
                </WorkArea>
              </Bounds>
            </Item2>
            <Item3 Name="ObjectInspectorDlg" Type="Control">
              <Bounds Left="1" Top="157" Width="340" Height="735">
                <WorkArea>
                  <Rect Right="1920" Bottom="1040"/>
                </WorkArea>
              </Bounds>
            </Item3>
            <Item4 Name="MessagesView" Type="Control">
              <Bounds Left="360" Top="801" Width="1236" Height="97">
                <WorkArea>
                  <Rect Right="1920" Bottom="1040"/>
                </WorkArea>
              </Bounds>
            </Item4>
          </Nodes>
        </MainConfig>
      </GlassDocking>
    </Desktop2>
  </Desktops>
</CONFIG>
