<?xml version="1.0" encoding="UTF-8"?>
<CONFIG>
  <MiscellaneousOptions>
    <Version Value="3"/>
    <BuildTyphonOptions>
      <Profiles Count="4">
        <Profile0 Name="Normal IDE">
          <LCLPlatform Value="win32"/>
          <IdeBuildMode Value="Build"/>
          <UpdateRevisionInc Value="False"/>
        </Profile0>
        <Profile1 Name="Debug IDE">
          <LCLPlatform Value="win32"/>
          <IdeBuildMode Value="Build"/>
          <UpdateRevisionInc Value="False"/>
          <Options Count="1">
            <Item1 Value="-gw -gl -godwarfsets -gh -gt -Co -Cr -Ci -Sa"/>
          </Options>
        </Profile1>
        <Profile2 Name="Optimized IDE">
          <LCLPlatform Value="win32"/>
          <IdeBuildMode Value="Build"/>
          <UpdateRevisionInc Value="False"/>
        </Profile2>
        <Profile3 Name="Clean Up + Build all">
          <LCLPlatform Value="win32"/>
          <IdeBuildMode Value="Clean + Build"/>
          <UpdateRevisionInc Value="False"/>
        </Profile3>
      </Profiles>
      <ProfileIndex Value="2"/>
      <AllDefines Count="2">
        <Item1 Value="Debug"/>
        <Item2 Value="Verbose"/>
      </AllDefines>
      <StaticAutoInstallPackages Count="163">
        <Item1 Value="pl_synapse"/>
        <Item2 Value="lz_multithreadprocs"/>
        <Item3 Value="pl_Win_DirectX"/>
        <Item4 Value="pl_win_oledb"/>
        <Item5 Value="pl_Win_GDI"/>
        <Item6 Value="lz_googleapi"/>
        <Item7 Value="pl_titansound"/>
        <Item8 Value="pl_glassdocking"/>
        <Item9 Value="lz_vlc"/>
        <Item10 Value="pl_titanscript"/>
        <Item11 Value="pl_barcodes"/>
        <Item12 Value="pl_powerpdf"/>
        <Item13 Value="pl_pascalscript"/>
        <Item14 Value="pl_DCP"/>
        <Item15 Value="lz_opengl"/>
        <Item16 Value="pl_Win_Midi"/>
        <Item17 Value="lz_fpvectorial"/>
        <Item18 Value="lz_images"/>
        <Item19 Value="lz_plotfunction"/>
        <Item20 Value="lz_sdf"/>
        <Item21 Value="lz_mouseandkeyinput"/>
        <Item22 Value="lz_chmhelp"/>
        <Item23 Value="lz_mrumenu"/>
        <Item24 Value="pl_CeosMW"/>
        <Item25 Value="lz_debuggerfp"/>
        <Item26 Value="lz_cairocanvas"/>
        <Item27 Value="pl_aggpas"/>
        <Item28 Value="pl_cgi"/>
        <Item29 Value="pl_lclextensions"/>
        <Item30 Value="pl_rgbgraphics"/>
        <Item31 Value="pl_Win_DirectX11"/>
        <Item32 Value="pl_mapviewer"/>
        <Item33 Value="pl_virtualtrees"/>
        <Item34 Value="lz_printers"/>
        <Item35 Value="YearPlan"/>
        <Item36 Value="pl_cef"/>
        <Item37 Value="pl_ExGeographic"/>
        <Item38 Value="pl_openweather"/>
        <Item39 Value="lz_CustomDrawnDsg"/>
        <Item40 Value="pl_HtmlViewer"/>
        <Item41 Value="lz_sqlite3"/>
        <Item42 Value="ds_Extent_IDE"/>
        <Item43 Value="pl_asiovst"/>
        <Item44 Value="pl_acs"/>
        <Item45 Value="pl_brook"/>
        <Item46 Value="pl_graphics32"/>
        <Item47 Value="pl_richview"/>
        <Item48 Value="pl_jujiboutils"/>
        <Item49 Value="pl_richmemo"/>
        <Item50 Value="pl_orca"/>
        <Item51 Value="pl_orpheus"/>
        <Item52 Value="pl_cindy"/>
        <Item53 Value="pl_fortesreport"/>
        <Item54 Value="pl_openwire"/>
        <Item55 Value="pl_solutionsweb"/>
        <Item56 Value="pl_spktoolbar"/>
        <Item57 Value="pl_geogis"/>
        <Item58 Value="pl_dataport"/>
        <Item59 Value="pl_synapsevs"/>
        <Item60 Value="pl_pasdoc"/>
        <Item61 Value="pl_freespider"/>
        <Item62 Value="lz_macroscript"/>
        <Item63 Value="pl_exdatabase"/>
        <Item64 Value="pl_exdesign"/>
        <Item65 Value="pl_excontrols"/>
        <Item66 Value="pl_exsystem"/>
        <Item67 Value="pl_indy"/>
        <Item68 Value="pl_lnet"/>
        <Item69 Value="pl_shapes"/>
        <Item70 Value="pl_zeosdbo"/>
        <Item71 Value="pl_virtualtreesextra"/>
        <Item72 Value="pl_aggpasvs"/>
        <Item73 Value="pl_opengl"/>
        <Item74 Value="pl_fzcontrols"/>
        <Item75 Value="pl_eccontrols"/>
        <Item76 Value="pl_astronomy"/>
        <Item77 Value="pl_colorlib"/>
        <Item78 Value="pl_lockbox"/>
        <Item79 Value="pl_onguard"/>
        <Item80 Value="pl_abbrevia"/>
        <Item81 Value="pl_Win_DSPack"/>
        <Item82 Value="lz_ActiveX"/>
        <Item83 Value="lz_industrial"/>
        <Item84 Value="lz_cody"/>
        <Item85 Value="ds_FileBrowser_IDE"/>
        <Item86 Value="lz_customforms"/>
        <Item87 Value="lz_synuni"/>
        <Item88 Value="lz_h2pas"/>
        <Item89 Value="lz_report"/>
        <Item90 Value="ds_Thread_IDE"/>
        <Item91 Value="lz_daemon"/>
        <Item92 Value="ds_CGI_IDE"/>
        <Item93 Value="lz_basecontroldsgn"/>
        <Item94 Value="lz_pochecker"/>
        <Item95 Value="lz_datetimectrls"/>
        <Item96 Value="lz_tdbf"/>
        <Item97 Value="lz_sqldb"/>
        <Item98 Value="ds_TodoList_IDE"/>
        <Item99 Value="lz_tachart"/>
        <Item100 Value="ds_ProjTemplates_IDE"/>
        <Item101 Value="ds_FpcUnit_IDE"/>
        <Item102 Value="ds_ChmHelp_IDE"/>
        <Item103 Value="lz_jcf2"/>
        <Item104 Value="lz_tpipro"/>
        <Item105 Value="lz_externhelp"/>
        <Item106 Value="ds_InstantFPC_IDE"/>
        <Item107 Value="lz_memds"/>
        <Item108 Value="lz_leakview"/>
        <Item109 Value="ds_Printers_IDE"/>
        <Item110 Value="lz_rtticontrols"/>
        <Item111 Value="ds_CompilerC_IDE"/>
        <Item112 Value="lz_messagecomposer"/>
        <Item113 Value="lz_syneditdsgn"/>
        <Item114 Value="ds_ZenGL_IDE"/>
        <Item115 Value="ds_Inspector_IDE"/>
        <Item116 Value="ds_GlassDocking_IDE"/>
        <Item117 Value="pl_ExCompress"/>
        <Item118 Value="pl_jvcl"/>
        <Item119 Value="ds_FpcFreeVision_IDE"/>
        <Item120 Value="pl_bgrabitmap"/>
        <Item121 Value="pl_uib"/>
        <Item122 Value="pl_visualplanit"/>
        <Item123 Value="pl_luicontrols"/>
        <Item124 Value="pl_orca3d"/>
        <Item125 Value="pl_GLScene"/>
        <Item126 Value="pl_pascalscada"/>
        <Item127 Value="lz_tacharwmf"/>
        <Item128 Value="lz_tachartprint"/>
        <Item129 Value="lz_tachartvectorial"/>
        <Item130 Value="lz_tachartbgra"/>
        <Item131 Value="lz_tachartaggpas"/>
        <Item132 Value="lz_reportzeosdb"/>
        <Item133 Value="lz_reporttdbf"/>
        <Item134 Value="lz_reportsqldb"/>
        <Item135 Value="lz_reportpdfexport"/>
        <Item136 Value="lz_reportemailexport"/>
        <Item137 Value="lz_reportcodereport"/>
        <Item138 Value="lz_reportimgexport"/>
        <Item139 Value="lz_reportdialogcontrols"/>
        <Item140 Value="lz_reportaddfunction"/>
        <Item141 Value="pl_graphics32vpr"/>
        <Item142 Value="pl_graphics32ext"/>
        <Item143 Value="pl_KControls"/>
        <Item144 Value="pl_bgracontrols"/>
        <Item145 Value="pl_solutions"/>
        <Item146 Value="pl_fpspreadsheet"/>
        <Item147 Value="pl_wst"/>
        <Item148 Value="lz_datadict"/>
        <Item149 Value="lz_fpweb"/>
        <Item150 Value="lz_dbexport"/>
        <Item151 Value="lz_tpiprodsgn"/>
        <Item152 Value="ds_fpgui_ide"/>
        <Item153 Value="pl_opengpsx"/>
        <Item154 Value="pl_BGRAuecontrols"/>
        <Item155 Value="lz_FpReport"/>
        <Item156 Value="pl_UserControl"/>
        <Item157 Value="pl_graphics32mg"/>
        <Item158 Value="pl_gaiagis"/>
        <Item159 Value="pl_rx"/>
        <Item160 Value="lz_reportofficeimport"/>
        <Item161 Value="pl_zmsql"/>
        <Item162 Value="lz_reportSpreadSheetExport"/>
        <Item163 Value="pl_fbdataset"/>
      </StaticAutoInstallPackages>
    </BuildTyphonOptions>
  </MiscellaneousOptions>
</CONFIG>
