<?xml version="1.0" encoding="UTF-8"?>
<ExtentIDEcfg>
  <Messages docked="False">
    <float top="-1" left="-1" right="-1" bottom="-1"/>
    <docked cx="30" cy="50"/>
  </Messages>
  <ObjectInspector docked="False">
    <float top="-1" left="-1" right="-1" bottom="-1"/>
    <docked cx="30" cy="50"/>
  </ObjectInspector>
  <SourceEditor docked="False">
    <float top="-1" left="-1" right="-1" bottom="-1"/>
    <docked cx="30" cy="50"/>
  </SourceEditor>
  <IDETopPanel docked="False">
    <float top="-1" left="-1" right="-2" bottom="-2"/>
    <docked cx="-1" cy="-1"/>
  </IDETopPanel>
</ExtentIDEcfg>
