<?xml version="1.0" encoding="UTF-8"?>
<CONFIG>
  <Typhon>
    <ColorSchemes Version="11">
      <Names Count="1">
        <Item1 Value="Zct_liteblue"/>
      </Names>
      <Globals Version="11">
        <SchemeZct_liteblue>
          <ahaGutter Background="15854304" Foreground="9109554"/>
          <ahaDefault Background="15854304" Foreground="33554432"/>
          <ahaErrorLine Background="clRed" Foreground="clWhite"/>
          <ahaMouseLink Foreground="clBlue" FrameColor="clBlue" FrameEdges="sfeBottom"/>
          <ahaTextBlock Background="16750899" Foreground="33554432"/>
          <ahaWordGroup FrameColor="clRed"/>
          <ahaFoldedCode Background="clWhite" Foreground="13408665" FrameColor="clSilver"/>
          <ahaLineNumber Background="15854304" Foreground="9109554"/>
          <ahaRightMargin Background="15790320" Foreground="33554432"/>
          <ahaBracketMatch Style="fsBold"/>
          <ahaHighlightAll Background="16750899" Foreground="33554432"/>
          <ahaModifiedLine Background="clYellow" Foreground="clLime" FrameColor="59900"/>
          <ahaHighlightWord Background="15132390" FrameColor="clSilver"/>
          <ahaSyncroEditCur FrameColor="clFuchsia"/>
          <ahaExecutionPoint Background="10066380" Foreground="clBlack"/>
          <ahaSyncroEditArea Background="clMoneyGreen"/>
          <ahaSyncroEditSync FrameColor="clRed"/>
          <ahaCodeFoldingTree Background="15854304" Foreground="13408665"/>
          <ahaGutterSeparator Background="15854304" Foreground="13408665"/>
          <ahaSyncroEditOther FrameColor="9744532"/>
          <ahaTemplateEditCur FrameColor="clAqua"/>
          <ahaTemplateEditSync FrameColor="clFuchsia"/>
          <ahaEnabledBreakpoint Background="16762823" Foreground="clBlack"/>
          <ahaIncrementalSearch Background="16750899" Foreground="33554432"/>
          <ahaInvalidBreakpoint Background="clGreen" Foreground="clWhite"/>
          <ahaTemplateEditOther FrameColor="clMaroon"/>
          <ahaUnknownBreakpoint Background="clGreen" Foreground="clWhite"/>
          <ahaDisabledBreakpoint Background="16762823" Foreground="clGray"/>
        </SchemeZct_liteblue>
      </Globals>
      <LangObjectPascal Version="11">
        <SchemeZct_liteblue>
          <Number Background="15854304" Foreground="6119680"/>
          <String Background="15854304" Foreground="clGreen"/>
          <Symbol Background="15854304" Foreground="33554432"/>
          <Comment Background="15854304" Foreground="clGreen" Style="fsBold"/>
          <Assembler Background="15854304" Foreground="clBlue"/>
          <Directive Background="15854304" Foreground="clBlue" Style="fsBold"/>
          <Reserved_word Background="15854304" Foreground="9109504" Style="fsBold"/>
        </SchemeZct_liteblue>
      </LangObjectPascal>
      <LangTyphon_Form_definition Version="11"/>
      <LangXML_document Version="11">
        <SchemeZct_liteblue>
          <Text Background="15854304" Foreground="clGreen" Style="fsBold"/>
          <Symbol Background="15854304" Foreground="33554432"/>
          <Comment Background="15854304" Foreground="clGreen" Style="fsBold"/>
          <Element_Name Background="15854304" Foreground="clGreen" Style="fsBold"/>
          <CDATA_Section Background="15854304" Foreground="33554432" Style="fsItalic"/>
          <Attribute_Name Background="15854304" Foreground="9852424"/>
          <Attribute_Value Background="15854304" Foreground="clGreen" Style="fsBold"/>
          <DOCTYPE_Section Background="15854304" Foreground="clBlue" Style="fsItalic"/>
          <Entity_Reference Background="15854304" Foreground="33554432" Style="fsBold"/>
          <Processing_Instruction Background="15854304" Foreground="9109504"/>
          <Namespace_Attribute_Name Background="15854304" Foreground="9852424"/>
          <Namespace_Attribute_Value Background="15854304" Foreground="clGreen" Style="fsBold"/>
        </SchemeZct_liteblue>
      </LangXML_document>
      <LangHTML_document Version="11">
        <SchemeZct_liteblue>
          <Asp Background="clYellow" Foreground="clBlack"/>
          <Value Foreground="16744448"/>
          <Symbol Foreground="clRed"/>
          <Comment Foreground="clBlue" Style="fsBold"/>
          <Identifier Style="fsBold"/>
          <Unknown_word Foreground="clRed" Style="fsBold"/>
          <Reserved_word Style="fsBold"/>
          <Escape_ampersand Foreground="clLime" Style="fsBold"/>
        </SchemeZct_liteblue>
      </LangHTML_document>
      <LangC__ Version="11">
        <SchemeZct_liteblue>
          <Space Background="15854304" Foreground="33554432"/>
          <Number Background="15854304" Foreground="6119680"/>
          <String Background="15854304" Foreground="clGreen"/>
          <Symbol Background="15854304" Foreground="33554432"/>
          <Comment Background="15854304" Foreground="clGreen" Style="fsBold"/>
          <Assembler Background="15854304" Foreground="clBlue"/>
          <Preprocessor Background="15854304" Foreground="clBlue" Style="fsBold"/>
          <Reserved_word Background="15854304" Foreground="9109504" Style="fsBold"/>
        </SchemeZct_liteblue>
      </LangC__>
      <LangPerl Version="11">
        <SchemeZct_liteblue>
          <Space Background="15854304" Foreground="33554432"/>
          <Number Background="15854304" Foreground="6119680"/>
          <Pragma Background="15854304" Foreground="clBlue" Style="fsBold"/>
          <String Background="15854304" Foreground="clGreen"/>
          <Symbol Background="15854304" Foreground="33554432"/>
          <Comment Background="15854304" Foreground="clGreen" Style="fsBold"/>
          <Variable Background="clWhite" Foreground="clPurple" Style="fsBold"/>
          <Reserved_word Background="15854304" Foreground="9109504" Style="fsBold"/>
        </SchemeZct_liteblue>
      </LangPerl>
      <LangJava Version="11">
        <SchemeZct_liteblue>
          <Space Background="15854304" Foreground="33554432"/>
          <Number Background="15854304" Foreground="6119680"/>
          <String Background="15854304" Foreground="clGreen"/>
          <Symbol Background="15854304" Foreground="33554432"/>
          <Comment Background="15854304" Foreground="clGreen" Style="fsBold"/>
          <Documentation Background="15854304" Foreground="33554432" Style="fsBold"/>
          <Reserved_word Background="15854304" Foreground="9109504" Style="fsBold"/>
        </SchemeZct_liteblue>
      </LangJava>
      <LangUNIX_Shell_Script Version="11">
        <SchemeZct_liteblue>
          <Number Background="15854304" Foreground="6119680"/>
          <String Background="15854304" Foreground="clGreen"/>
          <Symbol Background="15854304" Foreground="33554432"/>
          <Comment Background="15854304" Foreground="clGreen" Style="fsBold"/>
          <Variable Background="clWhite" Foreground="clPurple"/>
          <Reserved_word Background="15854304" Foreground="9109504" Style="fsBold"/>
        </SchemeZct_liteblue>
      </LangUNIX_Shell_Script>
      <LangPython Version="11">
        <SchemeZct_liteblue>
          <Float Background="15854304" Foreground="6119680"/>
          <Octal Background="15854304" Foreground="6119680"/>
          <Number Background="15854304" Foreground="6119680"/>
          <String Background="15854304" Foreground="clGreen"/>
          <Symbol Background="15854304" Foreground="33554432"/>
          <Comment Background="15854304" Foreground="clGreen" Style="fsBold"/>
          <Hexadecimal Background="15854304" Foreground="6119680"/>
          <SyntaxError Background="clWhite" Foreground="clBlack"/>
          <Documentation Background="15854304" Foreground="33554432" Style="fsBold"/>
          <Reserved_word Background="15854304" Foreground="9109504" Style="fsBold"/>
          <Non_reserved_keyword Background="15854304" Foreground="33554432" Style="fsBold"/>
          <System_functions_and_variables Background="15854304" Foreground="33554432" Style="fsBold"/>
        </SchemeZct_liteblue>
      </LangPython>
      <LangPHP Version="11">
        <SchemeZct_liteblue>
          <Number Background="15854304" Foreground="6119680"/>
          <String Background="15854304" Foreground="clGreen"/>
          <Symbol Background="15854304" Foreground="33554432"/>
          <Comment Background="15854304" Foreground="clGreen" Style="fsBold"/>
          <Reserved_word Background="15854304" Foreground="9109504" Style="fsBold"/>
        </SchemeZct_liteblue>
      </LangPHP>
      <LangSQL Version="11">
        <SchemeZct_liteblue>
          <Number Background="15854304" Foreground="6119680"/>
          <String Background="15854304" Foreground="clGreen"/>
          <Symbol Background="15854304" Foreground="33554432"/>
          <Comment Background="15854304" Foreground="clGreen" Style="fsBold"/>
          <Function Background="15854304" Foreground="9109504" Style="fsBold"/>
          <Data_type Background="15854304" Foreground="33554432" Style="fsBold"/>
          <Exception Background="clWhite" Foreground="clBlack" Style="fsItalic"/>
          <Reserved_word Background="15854304" Foreground="9109504" Style="fsBold"/>
          <Default_packages Background="15854304" Foreground="clGreen" Style="fsBold"/>
          <SQL_Plus_command Background="clWhite" Foreground="clPurple" Style="fsBold"/>
          <Reserved_word__PL_SQL_ Background="15854304" Foreground="9109504" Style="fsBold"/>
        </SchemeZct_liteblue>
      </LangSQL>
      <LangJavascript Version="11">
        <SchemeZct_liteblue>
          <Number Background="15854304" Foreground="6119680"/>
          <String Background="15854304" Foreground="clGreen"/>
          <Symbol Background="15854304" Foreground="33554432"/>
          <Comment Background="15854304" Foreground="clGreen" Style="fsBold"/>
          <Reserved_word Background="15854304" Foreground="9109504" Style="fsBold"/>
        </SchemeZct_liteblue>
      </LangJavascript>
      <LangDiff_File Version="11">
        <SchemeZct_liteblue>
          <Unknown_word Background="clGreen" Foreground="clWhite" Style="fsItalic"/>
          <Diff_New_File Background="15854304" Foreground="33554432" Style="fsBold"/>
          <Diff_Added_line Background="13434828" Foreground="clBlack"/>
          <Diff_Changed_Line Background="11206655" Foreground="clBlack"/>
          <Diff_Chunk_Marker Background="15854304" Foreground="33554432" Style="fsBold"/>
          <Diff_Removed_Line Background="16762823" Foreground="clBlack"/>
          <Diff_Original_File Background="15854304" Foreground="9852424" Style="fsBold"/>
          <Diff_Chunk_Line_Counts Background="15854304" Foreground="6119680" Style="fsBold"/>
          <Diff_Chunk_New_Line_Count Background="15854304" Foreground="clBlue" Style="fsBold"/>
          <Diff_Chunk_Original_Line_Count Background="15854304" Foreground="clGreen" Style="fsBold"/>
        </SchemeZct_liteblue>
      </LangDiff_File>
      <LangMS_DOS_batch_language Version="11">
        <SchemeZct_liteblue>
          <Key Background="15854304" Foreground="9109504" Style="fsBold"/>
          <Number Background="15854304" Foreground="6119680"/>
          <Comment Background="15854304" Foreground="clGreen" Style="fsItalic"/>
          <Variable Background="15854304" Foreground="33554432"/>
        </SchemeZct_liteblue>
      </LangMS_DOS_batch_language>
      <LangINI_file Version="11">
        <SchemeZct_liteblue>
          <Comment Background="15854304" Foreground="clGreen" Style="fsItalic"/>
          <Section Background="15854304" Foreground="9109504" Style="fsBold"/>
        </SchemeZct_liteblue>
      </LangINI_file>
      <Langpo_language_files Version="11"/>
      <LangPike Version="11"/>
    </ColorSchemes>
  </Typhon>
</CONFIG>
