<?xml version="1.0" encoding="UTF-8"?>
<CONFIG>
  <Typhon>
    <ColorSchemes Version="11">
      <Names Count="1">
        <Item1 Value="Zct_darkwolf"/>
      </Names>
      <Globals Version="11">
        <SchemeZct_darkwolf>
          <ahaGutter Background="5131071"/>
          <ahaDefault Background="3420457" Foreground="8090726"/>
          <ahaErrorLine Background="clRed" Foreground="clWhite"/>
          <ahaMouseLink Foreground="clBlue" FrameColor="clBlue" FrameEdges="sfeBottom"/>
          <ahaTextBlock Background="5328448"/>
          <ahaWordGroup FrameColor="clRed"/>
          <ahaFoldedCode Foreground="13408665" FrameColor="13408665"/>
          <ahaLineNumber Background="5131071" Foreground="10131073"/>
          <ahaRightMargin Foreground="clSilver"/>
          <ahaHighlightAll Background="clYellow"/>
          <ahaModifiedLine Background="4276020" Foreground="clLime" FrameColor="clYellow"/>
          <ahaHighlightWord FrameColor="13421782"/>
          <ahaLineHighlight Background="3946799"/>
          <ahaSyncroEditCur FrameColor="clFuchsia"/>
          <ahaExecutionPoint Background="10066380" Foreground="clBlack"/>
          <ahaSyncroEditArea Background="16449510"/>
          <ahaSyncroEditSync FrameColor="clRed"/>
          <ahaCodeFoldingTree Background="4276020" Foreground="8945770"/>
          <ahaGutterSeparator Background="4276020" Foreground="clGray"/>
          <ahaSyncroEditOther FrameColor="clBlue"/>
          <ahaTemplateEditCur FrameColor="clAqua"/>
          <ahaTemplateEditSync FrameColor="clFuchsia"/>
          <ahaEnabledBreakpoint Background="clRed" Foreground="clBlack"/>
          <ahaIncrementalSearch Background="clBlack" Foreground="16580045"/>
          <ahaInvalidBreakpoint Background="clGreen" Foreground="clWhite"/>
          <ahaTemplateEditOther FrameColor="clMaroon"/>
          <ahaUnknownBreakpoint Background="29951" Foreground="clBlack"/>
          <ahaDisabledBreakpoint Background="8421631" Foreground="clGray"/>
        </SchemeZct_darkwolf>
      </Globals>
      <LangObjectPascal Version="11">
        <SchemeZct_darkwolf>
          <ahaGutter Background="clBtnFace"/>
          <ahaTextBlock Background="10841427" Foreground="clWhite"/>
          <ahaLineNumber Background="16053492" Foreground="13408665"/>
          <ahaBracketMatch Background="clAqua" FrameColor="13421782"/>
          <ahaModifiedLine Background="16053492"/>
          <ahaLineHighlight Background="15138810"/>
          <ahaCodeFoldingTree Background="16053492" Foreground="13408665"/>
          <ahaGutterSeparator Background="clWhite"/>
          <ahaEnabledBreakpoint Background="16762823"/>
          <ahaUnknownBreakpoint Background="16762823"/>
          <ahaDisabledBreakpoint Background="16762823"/>
          <Number Foreground="clAqua"/>
          <String Foreground="3355596"/>
          <Symbol Foreground="15000288"/>
          <Comment Foreground="2280959" Style="fsItalic"/>
          <Assembler Foreground="clLime" Style="fsItalic"/>
          <Directive Foreground="6539155" Style="fsBold"/>
          <ahaDefault Background="clNone" Foreground="clNone"/>
          <Identifier Foreground="clSkyBlue"/>
          <Reserved_word Foreground="30444" Style="fsBold"/>
        </SchemeZct_darkwolf>
      </LangObjectPascal>
      <LangTyphon_Form_definition Version="11">
        <SchemeZct_darkwolf>
          <Number Foreground="clAqua"/>
          <String Foreground="3355596"/>
          <Symbol Foreground="15000288"/>
          <Comment Foreground="2280959"/>
          <Identifier Foreground="clSkyBlue"/>
        </SchemeZct_darkwolf>
      </LangTyphon_Form_definition>
      <LangXML_document Version="11">
        <SchemeZct_darkwolf>
          <Text Foreground="clCream" Style="fsBold"/>
          <Symbol Foreground="30444"/>
          <Comment Foreground="2280959" Style="fsItalic"/>
          <ahaGutter Background="clBtnFace"/>
          <ahaDefault Background="clNone" Foreground="clNone"/>
          <ahaTextBlock Background="10841427" Foreground="clWhite"/>
          <Element_Name Foreground="30444" Style="fsBold"/>
          <ahaLineNumber Background="16053492" Foreground="13408665"/>
          <CDATA_Section Foreground="clMedGray" Style="fsItalic"/>
          <Attribute_Name Foreground="30444"/>
          <ahaBracketMatch Background="clAqua" FrameColor="13421782"/>
          <ahaModifiedLine Background="16053492"/>
          <Attribute_Value Foreground="clNavy" Style="fsBold"/>
          <DOCTYPE_Section Foreground="clSkyBlue" Style="fsItalic"/>
          <ahaLineHighlight Background="15138810"/>
          <Entity_Reference Foreground="clMaroon" Style="fsBold"/>
          <ahaCodeFoldingTree Background="16053492" Foreground="13408665"/>
          <ahaGutterSeparator Background="clWhite"/>
          <ahaEnabledBreakpoint Background="16762823"/>
          <ahaUnknownBreakpoint Background="16762823"/>
          <ahaDisabledBreakpoint Background="16762823"/>
          <Processing_Instruction Foreground="30444"/>
          <Namespace_Attribute_Name Foreground="clRed"/>
          <Namespace_Attribute_Value Foreground="clRed" Style="fsBold"/>
        </SchemeZct_darkwolf>
      </LangXML_document>
      <LangHTML_document Version="11">
        <SchemeZct_darkwolf>
          <Asp Background="clYellow" Foreground="clBlack"/>
          <Text Foreground="clSkyBlue"/>
          <Value Foreground="clMaroon"/>
          <Symbol Foreground="30444"/>
          <Comment Foreground="2280959" Style="fsItalic"/>
          <DOCTYPE Foreground="clSkyBlue"/>
          <ahaGutter Background="clBtnFace"/>
          <ahaDefault Background="clNone" Foreground="clNone"/>
          <Identifier Foreground="clMaroon" Style="fsBold"/>
          <ahaTextBlock Background="10841427" Foreground="clWhite"/>
          <Unknown_word Foreground="30444" Style="fsBold"/>
          <ahaLineNumber Background="16053492" Foreground="13408665"/>
          <Reserved_word Foreground="30444" Style="fsBold"/>
          <ahaBracketMatch Background="clAqua" FrameColor="13421782"/>
          <ahaModifiedLine Background="16053492"/>
          <ahaLineHighlight Background="15138810"/>
          <Escape_ampersand Foreground="clLime" Style="fsBold"/>
          <ahaCodeFoldingTree Background="16053492" Foreground="13408665"/>
          <ahaGutterSeparator Background="clWhite"/>
          <ahaEnabledBreakpoint Background="16762823"/>
          <ahaUnknownBreakpoint Background="16762823"/>
          <ahaDisabledBreakpoint Background="16762823"/>
        </SchemeZct_darkwolf>
      </LangHTML_document>
      <LangC__ Version="11">
        <SchemeZct_darkwolf>
          <Space Foreground="clWindow"/>
          <Number Foreground="clAqua"/>
          <String Foreground="3355596"/>
          <Symbol Foreground="15000288"/>
          <Comment Foreground="2280959" Style="fsItalic"/>
          <ahaGutter Background="clBtnFace"/>
          <Assembler Foreground="clLime"/>
          <ahaDefault Background="clNone" Foreground="clNone"/>
          <Identifier Foreground="clSkyBlue"/>
          <ahaTextBlock Background="10841427" Foreground="clWhite"/>
          <Preprocessor Foreground="clMaroon" Style="fsItalic"/>
          <ahaLineNumber Background="16053492" Foreground="13408665"/>
          <Reserved_word Foreground="30444" Style="fsBold"/>
          <ahaBracketMatch Background="clAqua" FrameColor="13421782"/>
          <ahaModifiedLine Background="16053492"/>
          <ahaLineHighlight Background="15138810"/>
          <ahaCodeFoldingTree Background="16053492" Foreground="13408665"/>
          <ahaGutterSeparator Background="clWhite"/>
          <ahaEnabledBreakpoint Background="16762823"/>
          <ahaUnknownBreakpoint Background="16762823"/>
          <ahaDisabledBreakpoint Background="16762823"/>
        </SchemeZct_darkwolf>
      </LangC__>
      <LangPerl Version="11">
        <SchemeZct_darkwolf>
          <Space Foreground="clWindow"/>
          <Number Foreground="clAqua"/>
          <Pragma Style="fsBold"/>
          <String Foreground="3355596"/>
          <Comment Foreground="2280959" Style="fsItalic"/>
          <Variable Foreground="clPurple" Style="fsBold"/>
          <ahaGutter Background="clBtnFace"/>
          <ahaDefault Background="clNone" Foreground="clNone"/>
          <Identifier Foreground="clSkyBlue"/>
          <ahaTextBlock Background="10841427" Foreground="clWhite"/>
          <ahaLineNumber Background="16053492" Foreground="13408665"/>
          <Reserved_word Foreground="30444" Style="fsBold"/>
          <ahaBracketMatch Background="clAqua" FrameColor="13421782"/>
          <ahaModifiedLine Background="16053492"/>
          <ahaLineHighlight Background="15138810"/>
          <ahaCodeFoldingTree Background="16053492" Foreground="13408665"/>
          <ahaGutterSeparator Background="clWhite"/>
          <ahaEnabledBreakpoint Background="16762823"/>
          <ahaUnknownBreakpoint Background="16762823"/>
          <ahaDisabledBreakpoint Background="16762823"/>
        </SchemeZct_darkwolf>
      </LangPerl>
      <LangJava Version="11">
        <SchemeZct_darkwolf>
          <Space Foreground="clWindow"/>
          <Number Foreground="clAqua"/>
          <String Foreground="3355596"/>
          <Symbol Foreground="15000288"/>
          <Comment Foreground="2280959" Style="fsItalic"/>
          <ahaGutter Background="clBtnFace"/>
          <ahaDefault Background="clNone" Foreground="clNone"/>
          <Identifier Foreground="clSkyBlue"/>
          <ahaTextBlock Background="10841427" Foreground="clWhite"/>
          <ahaLineNumber Background="16053492" Foreground="13408665"/>
          <Documentation Foreground="2280959" Style="fsItalic"/>
          <Reserved_word Foreground="30444" Style="fsBold"/>
          <Invalid_symbol Foreground="clRed"/>
          <ahaBracketMatch Background="clAqua" FrameColor="13421782"/>
          <ahaModifiedLine Background="16053492"/>
          <ahaLineHighlight Background="15138810"/>
          <ahaCodeFoldingTree Background="16053492" Foreground="13408665"/>
          <ahaGutterSeparator Background="clWhite"/>
          <ahaEnabledBreakpoint Background="16762823"/>
          <ahaUnknownBreakpoint Background="16762823"/>
          <ahaDisabledBreakpoint Background="16762823"/>
        </SchemeZct_darkwolf>
      </LangJava>
      <LangUNIX_Shell_Script Version="11">
        <SchemeZct_darkwolf>
          <Number Foreground="clAqua"/>
          <String Foreground="3355596"/>
          <Comment Foreground="2280959" Style="fsItalic"/>
          <Variable Foreground="clPurple"/>
          <ahaGutter Background="clBtnFace"/>
          <ahaDefault Background="clNone" Foreground="clNone"/>
          <Identifier Foreground="clSkyBlue"/>
          <ahaTextBlock Background="10841427" Foreground="clWhite"/>
          <ahaLineNumber Background="16053492" Foreground="13408665"/>
          <Reserved_word Foreground="30444" Style="fsBold"/>
          <ahaBracketMatch Background="clAqua" FrameColor="13421782"/>
          <ahaModifiedLine Background="16053492"/>
          <ahaLineHighlight Background="15138810"/>
          <ahaCodeFoldingTree Background="16053492" Foreground="13408665"/>
          <ahaGutterSeparator Background="clWhite"/>
          <ahaEnabledBreakpoint Background="16762823"/>
          <ahaUnknownBreakpoint Background="16762823"/>
          <Second_reserved_word Foreground="30444"/>
          <ahaDisabledBreakpoint Background="16762823"/>
        </SchemeZct_darkwolf>
      </LangUNIX_Shell_Script>
      <LangPython Version="11">
        <SchemeZct_darkwolf>
          <Float Foreground="clAqua"/>
          <Octal Foreground="clAqua"/>
          <Number Foreground="clAqua"/>
          <String Foreground="3355596"/>
          <Comment Foreground="2280959" Style="fsItalic"/>
          <ahaGutter Background="clBtnFace"/>
          <ahaDefault Background="clNone" Foreground="clNone"/>
          <Identifier Foreground="clSkyBlue"/>
          <Hexadecimal Foreground="clAqua"/>
          <SyntaxError Foreground="clRed"/>
          <ahaTextBlock Background="10841427" Foreground="clWhite"/>
          <ahaLineNumber Background="16053492" Foreground="13408665"/>
          <Documentation Foreground="2280959" Style="fsItalic"/>
          <Reserved_word Foreground="30444" Style="fsBold"/>
          <ahaBracketMatch Background="clAqua" FrameColor="13421782"/>
          <ahaModifiedLine Background="16053492"/>
          <ahaLineHighlight Background="15138810"/>
          <ahaCodeFoldingTree Background="16053492" Foreground="13408665"/>
          <ahaGutterSeparator Background="clWhite"/>
          <ahaEnabledBreakpoint Background="16762823"/>
          <ahaUnknownBreakpoint Background="16762823"/>
          <Non_reserved_keyword Foreground="30444" Style="fsBold"/>
          <ahaDisabledBreakpoint Background="16762823"/>
          <System_functions_and_variables Foreground="clPurple" Style="fsBold"/>
        </SchemeZct_darkwolf>
      </LangPython>
      <LangPHP Version="11">
        <SchemeZct_darkwolf>
          <Number Foreground="clAqua"/>
          <String Foreground="3355596"/>
          <Comment Foreground="2280959" Style="fsItalic"/>
          <Variable Foreground="clPurple"/>
          <ahaGutter Background="clBtnFace"/>
          <ahaDefault Background="clNone" Foreground="clNone"/>
          <Identifier Foreground="clSkyBlue"/>
          <ahaTextBlock Background="10841427" Foreground="clWhite"/>
          <ahaLineNumber Background="16053492" Foreground="13408665"/>
          <Reserved_word Foreground="30444" Style="fsBold"/>
          <Invalid_symbol Foreground="clRed"/>
          <ahaBracketMatch Background="clAqua" FrameColor="13421782"/>
          <ahaModifiedLine Background="16053492"/>
          <ahaLineHighlight Background="15138810"/>
          <ahaCodeFoldingTree Background="16053492" Foreground="13408665"/>
          <ahaGutterSeparator Background="clWhite"/>
          <ahaEnabledBreakpoint Background="16762823"/>
          <ahaUnknownBreakpoint Background="16762823"/>
          <ahaDisabledBreakpoint Background="16762823"/>
        </SchemeZct_darkwolf>
      </LangPHP>
      <LangSQL Version="11">
        <SchemeZct_darkwolf>
          <Number Foreground="clAqua"/>
          <String Foreground="3355596"/>
          <Symbol Foreground="15000288"/>
          <Comment Foreground="2280959" Style="fsItalic"/>
          <Function Foreground="clLime" Style="fsBold"/>
          <Variable Foreground="clPurple"/>
          <ahaGutter Background="clBtnFace"/>
          <Data_type Style="fsBold"/>
          <Exception Foreground="clMaroon" Style="fsItalic"/>
          <ahaDefault Background="clNone" Foreground="clNone"/>
          <Identifier Foreground="clSkyBlue"/>
          <ahaTextBlock Background="10841427" Foreground="clWhite"/>
          <ahaLineNumber Background="16053492" Foreground="13408665"/>
          <Reserved_word Foreground="30444" Style="fsBold"/>
          <ahaBracketMatch Background="clAqua" FrameColor="13421782"/>
          <ahaModifiedLine Background="16053492"/>
          <ahaLineHighlight Background="15138810"/>
          <Default_packages Foreground="clMaroon" Style="fsBold"/>
          <SQL_Plus_command Foreground="15000288" Style="fsBold"/>
          <ahaCodeFoldingTree Background="16053492" Foreground="13408665"/>
          <ahaGutterSeparator Background="clWhite"/>
          <ahaEnabledBreakpoint Background="16762823"/>
          <ahaUnknownBreakpoint Background="16762823"/>
          <ahaDisabledBreakpoint Background="16762823"/>
          <Reserved_word__PL_SQL_ Foreground="30444" Style="fsBold"/>
        </SchemeZct_darkwolf>
      </LangSQL>
      <LangJavascript Version="11">
        <SchemeZct_darkwolf>
          <Number Foreground="clAqua"/>
          <String Foreground="3355596"/>
          <Comment Foreground="2280959" Style="fsItalic"/>
          <ahaGutter Background="clBtnFace"/>
          <ahaDefault Background="clNone" Foreground="clNone"/>
          <Identifier Foreground="clSkyBlue"/>
          <ahaTextBlock Background="10841427" Foreground="clWhite"/>
          <ahaLineNumber Background="16053492" Foreground="13408665"/>
          <Reserved_word Foreground="30444" Style="fsBold"/>
          <ahaBracketMatch Background="clAqua" FrameColor="13421782"/>
          <ahaModifiedLine Background="16053492"/>
          <ahaLineHighlight Background="15138810"/>
          <ahaCodeFoldingTree Background="16053492" Foreground="13408665"/>
          <ahaGutterSeparator Background="clWhite"/>
          <ahaEnabledBreakpoint Background="16762823"/>
          <ahaUnknownBreakpoint Background="16762823"/>
          <Non_reserved_keyword Foreground="clMaroon"/>
          <ahaDisabledBreakpoint Background="16762823"/>
        </SchemeZct_darkwolf>
      </LangJavascript>
      <LangDiff_File Version="11">
        <SchemeZct_darkwolf>
          <ahaGutter Background="clBtnFace"/>
          <ahaDefault Background="clNone" Foreground="clNone"/>
          <ahaTextBlock Background="10841427" Foreground="clWhite"/>
          <Unknown_word Style="fsItalic"/>
          <ahaLineNumber Background="16053492" Foreground="13408665"/>
          <Diff_New_File Background="clGreen" Style="fsBold"/>
          <ahaBracketMatch Background="clAqua" FrameColor="13421782"/>
          <ahaModifiedLine Background="16053492"/>
          <Diff_Added_line Foreground="clGreen"/>
          <ahaLineHighlight Background="15138810"/>
          <Diff_Changed_Line Foreground="clPurple"/>
          <Diff_Chunk_Marker Style="fsBold"/>
          <Diff_Removed_Line Foreground="clRed"/>
          <ahaCodeFoldingTree Background="16053492" Foreground="13408665"/>
          <ahaGutterSeparator Background="clWhite"/>
          <Diff_Original_File Background="clRed" Style="fsBold"/>
          <ahaEnabledBreakpoint Background="16762823"/>
          <ahaUnknownBreakpoint Background="16762823"/>
          <ahaDisabledBreakpoint Background="16762823"/>
          <Diff_Chunk_Line_Counts Foreground="clPurple" Style="fsBold"/>
          <Diff_Chunk_New_Line_Count Foreground="clGreen" Style="fsBold"/>
          <Diff_Chunk_Original_Line_Count Foreground="clRed" Style="fsBold"/>
        </SchemeZct_darkwolf>
      </LangDiff_File>
      <LangMS_DOS_batch_language Version="11">
        <SchemeZct_darkwolf>
          <Key Foreground="clMaroon"/>
          <Number Foreground="clAqua"/>
          <Comment Foreground="2280959"/>
          <Variable Foreground="clPurple"/>
          <ahaGutter Background="clBtnFace"/>
          <ahaDefault Background="clNone" Foreground="clNone"/>
          <Identifier Foreground="clSkyBlue"/>
          <ahaTextBlock Background="10841427" Foreground="clWhite"/>
          <ahaLineNumber Background="16053492" Foreground="13408665"/>
          <ahaBracketMatch Background="clAqua" FrameColor="13421782"/>
          <ahaModifiedLine Background="16053492"/>
          <ahaLineHighlight Background="15138810"/>
          <ahaCodeFoldingTree Background="16053492" Foreground="13408665"/>
          <ahaGutterSeparator Background="clWhite"/>
          <ahaEnabledBreakpoint Background="16762823"/>
          <ahaUnknownBreakpoint Background="16762823"/>
          <ahaDisabledBreakpoint Background="16762823"/>
        </SchemeZct_darkwolf>
      </LangMS_DOS_batch_language>
      <LangINI_file Version="11">
        <SchemeZct_darkwolf>
          <Key Foreground="clPurple"/>
          <Number Foreground="clAqua"/>
          <String Foreground="3355596"/>
          <Symbol Foreground="15000288"/>
          <Comment Foreground="2280959"/>
          <ahaGutter Background="clBtnFace"/>
          <ahaDefault Background="clNone" Foreground="clNone"/>
          <ahaTextBlock Background="10841427" Foreground="clWhite"/>
          <ahaLineNumber Background="16053492" Foreground="13408665"/>
          <ahaBracketMatch Background="clAqua" FrameColor="13421782"/>
          <ahaModifiedLine Background="16053492"/>
          <ahaLineHighlight Background="15138810"/>
          <ahaCodeFoldingTree Background="16053492" Foreground="13408665"/>
          <ahaGutterSeparator Background="clWhite"/>
          <ahaEnabledBreakpoint Background="16762823"/>
          <ahaUnknownBreakpoint Background="16762823"/>
          <ahaDisabledBreakpoint Background="16762823"/>
        </SchemeZct_darkwolf>
      </LangINI_file>
      <Langpo_language_files Version="11">
        <SchemeZct_darkwolf>
          <Key Foreground="clPurple"/>
          <Flags Foreground="clLime"/>
          <String Foreground="3355596"/>
          <Comment Foreground="2280959"/>
          <Identifier Foreground="clSkyBlue"/>
          <Previous_value Foreground="30444"/>
          <ahaEnabledBreakpoint Background="16762823"/>
          <ahaUnknownBreakpoint Background="16762823"/>
          <ahaDisabledBreakpoint Background="16762823"/>
        </SchemeZct_darkwolf>
      </Langpo_language_files>
      <LangPike Version="11">
        <SchemeZct_darkwolf>
          <Number Foreground="clAqua"/>
          <String Foreground="3355596"/>
          <Comment Foreground="2280959"/>
          <Annotation Foreground="clSkyBlue"/>
          <Identifier Foreground="clSkyBlue"/>
          <Documentation Foreground="2280959"/>
          <Reserved_word Foreground="30444"/>
          <Invalid_symbol Foreground="clRed"/>
        </SchemeZct_darkwolf>
      </LangPike>
    </ColorSchemes>
  </Typhon>
</CONFIG>
