<?xml version="1.0" encoding="UTF-8"?>
<CONFIG>
  <Typhon>
    <ColorSchemes Version="11">
      <Names Count="1">
        <Item1 Value="Zct_desert"/>
      </Names>
      <Globals Version="11">
        <SchemeZct_desert>
          <ahaGutter Background="2829099" Foreground="8576238"/>
          <ahaDefault Background="2829099" Foreground="clSilver"/>
          <ahaErrorLine Background="clRed" Foreground="clWhite"/>
          <ahaMouseLink Foreground="7504122" FrameColor="7504122" FrameEdges="sfeBottom"/>
          <ahaTextBlock Background="12500670" Foreground="33554432"/>
          <ahaWordGroup FrameColor="clRed"/>
          <ahaFoldedCode Background="clWhite" Foreground="13408665" FrameColor="clSilver"/>
          <ahaLineNumber Background="2829099" Foreground="8576238"/>
          <ahaRightMargin Background="15790320" Foreground="33554432"/>
          <ahaBracketMatch Style="fsBold"/>
          <ahaHighlightAll Background="12500670" Foreground="33554432"/>
          <ahaModifiedLine Background="clYellow" Foreground="clLime" FrameColor="59900"/>
          <ahaHighlightWord Background="15132390" FrameColor="clSilver"/>
          <ahaSyncroEditCur FrameColor="clFuchsia"/>
          <ahaExecutionPoint Background="10066380" Foreground="clBlack"/>
          <ahaSyncroEditArea Background="clMoneyGreen"/>
          <ahaSyncroEditSync FrameColor="clRed"/>
          <ahaCodeFoldingTree Background="2829099" Foreground="clGray"/>
          <ahaGutterSeparator Background="2829099" Foreground="clGray"/>
          <ahaSyncroEditOther FrameColor="9744532"/>
          <ahaTemplateEditCur FrameColor="clAqua"/>
          <ahaTemplateEditSync FrameColor="clFuchsia"/>
          <ahaEnabledBreakpoint Background="16762823" Foreground="clBlack"/>
          <ahaIncrementalSearch Background="12500670" Foreground="33554432"/>
          <ahaInvalidBreakpoint Background="clGreen" Foreground="clWhite"/>
          <ahaTemplateEditOther FrameColor="clMaroon"/>
          <ahaUnknownBreakpoint Background="clGreen" Foreground="clWhite"/>
          <ahaDisabledBreakpoint Background="16762823" Foreground="clGray"/>
        </SchemeZct_desert>
      </Globals>
      <LangObjectPascal Version="11">
        <SchemeZct_desert>
          <Number Background="2829099" Foreground="11505963"/>
          <String Background="2829099" Foreground="7504122"/>
          <Symbol Background="2829099" Foreground="clSilver"/>
          <Comment Background="2829099" Foreground="8179068" Style="fsBold"/>
          <Assembler Background="2829099" Foreground="5219839"/>
          <Directive Background="2829099" Foreground="8576238" Style="fsBold"/>
          <Reserved_word Background="2829099" Foreground="5219839" Style="fsBold"/>
        </SchemeZct_desert>
      </LangObjectPascal>
      <LangTyphon_Form_definition Version="11"/>
      <LangXML_document Version="11">
        <SchemeZct_desert>
          <Text Background="2829099" Foreground="7504122" Style="fsBold"/>
          <Symbol Background="2829099" Foreground="clSilver"/>
          <Comment Background="2829099" Foreground="8179068" Style="fsBold"/>
          <Element_Name Background="2829099" Foreground="7504122" Style="fsBold"/>
          <CDATA_Section Background="2829099" Foreground="clSilver" Style="fsItalic"/>
          <Attribute_Name Background="2829099" Foreground="15453831"/>
          <Attribute_Value Background="2829099" Foreground="7504122" Style="fsBold"/>
          <DOCTYPE_Section Background="2829099" Foreground="8576238" Style="fsItalic"/>
          <Entity_Reference Background="2829099" Foreground="clSilver" Style="fsBold"/>
          <Processing_Instruction Background="2829099" Foreground="5219839"/>
          <Namespace_Attribute_Name Background="2829099" Foreground="15453831"/>
          <Namespace_Attribute_Value Background="2829099" Foreground="7504122" Style="fsBold"/>
        </SchemeZct_desert>
      </LangXML_document>
      <LangHTML_document Version="11">
        <SchemeZct_desert>
          <Asp Background="clYellow" Foreground="clBlack"/>
          <Value Foreground="16744448"/>
          <Symbol Foreground="clRed"/>
          <Comment Foreground="clBlue" Style="fsBold"/>
          <Identifier Style="fsBold"/>
          <Unknown_word Foreground="clRed" Style="fsBold"/>
          <Reserved_word Style="fsBold"/>
          <Escape_ampersand Foreground="clLime" Style="fsBold"/>
        </SchemeZct_desert>
      </LangHTML_document>
      <LangC__ Version="11">
        <SchemeZct_desert>
          <Space Background="2829099" Foreground="clSilver"/>
          <Number Background="2829099" Foreground="11505963"/>
          <String Background="2829099" Foreground="7504122"/>
          <Symbol Background="2829099" Foreground="clSilver"/>
          <Comment Background="2829099" Foreground="8179068" Style="fsBold"/>
          <Assembler Background="2829099" Foreground="5219839"/>
          <Preprocessor Background="2829099" Foreground="8576238" Style="fsBold"/>
          <Reserved_word Background="2829099" Foreground="5219839" Style="fsBold"/>
        </SchemeZct_desert>
      </LangC__>
      <LangPerl Version="11">
        <SchemeZct_desert>
          <Space Background="2829099" Foreground="clSilver"/>
          <Number Background="2829099" Foreground="11505963"/>
          <Pragma Background="2829099" Foreground="8576238" Style="fsBold"/>
          <String Background="2829099" Foreground="7504122"/>
          <Symbol Background="2829099" Foreground="clSilver"/>
          <Comment Background="2829099" Foreground="8179068" Style="fsBold"/>
          <Variable Background="clWhite" Foreground="clPurple" Style="fsBold"/>
          <Reserved_word Background="2829099" Foreground="5219839" Style="fsBold"/>
        </SchemeZct_desert>
      </LangPerl>
      <LangJava Version="11">
        <SchemeZct_desert>
          <Space Background="2829099" Foreground="clSilver"/>
          <Number Background="2829099" Foreground="11505963"/>
          <String Background="2829099" Foreground="7504122"/>
          <Symbol Background="2829099" Foreground="clSilver"/>
          <Comment Background="2829099" Foreground="8179068" Style="fsBold"/>
          <Documentation Background="2829099" Foreground="clSilver" Style="fsBold"/>
          <Reserved_word Background="2829099" Foreground="5219839" Style="fsBold"/>
        </SchemeZct_desert>
      </LangJava>
      <LangUNIX_Shell_Script Version="11">
        <SchemeZct_desert>
          <Number Background="2829099" Foreground="11505963"/>
          <String Background="2829099" Foreground="7504122"/>
          <Symbol Background="2829099" Foreground="clSilver"/>
          <Comment Background="2829099" Foreground="8179068" Style="fsBold"/>
          <Variable Background="clWhite" Foreground="clPurple"/>
          <Reserved_word Background="2829099" Foreground="5219839" Style="fsBold"/>
        </SchemeZct_desert>
      </LangUNIX_Shell_Script>
      <LangPython Version="11">
        <SchemeZct_desert>
          <Float Background="2829099" Foreground="11505963"/>
          <Octal Background="2829099" Foreground="11505963"/>
          <Number Background="2829099" Foreground="11505963"/>
          <String Background="2829099" Foreground="7504122"/>
          <Symbol Background="2829099" Foreground="clSilver"/>
          <Comment Background="2829099" Foreground="8179068" Style="fsBold"/>
          <Hexadecimal Background="2829099" Foreground="11505963"/>
          <SyntaxError Background="2829099" Foreground="3283410"/>
          <Documentation Background="2829099" Foreground="clSilver" Style="fsBold"/>
          <Reserved_word Background="2829099" Foreground="5219839" Style="fsBold"/>
          <Non_reserved_keyword Background="2829099" Foreground="clSilver" Style="fsBold"/>
          <System_functions_and_variables Background="2829099" Foreground="clSilver" Style="fsBold"/>
        </SchemeZct_desert>
      </LangPython>
      <LangPHP Version="11">
        <SchemeZct_desert>
          <Number Background="2829099" Foreground="11505963"/>
          <String Background="2829099" Foreground="7504122"/>
          <Symbol Background="2829099" Foreground="clSilver"/>
          <Comment Background="2829099" Foreground="8179068" Style="fsBold"/>
          <Reserved_word Background="2829099" Foreground="5219839" Style="fsBold"/>
        </SchemeZct_desert>
      </LangPHP>
      <LangSQL Version="11">
        <SchemeZct_desert>
          <Number Background="2829099" Foreground="11505963"/>
          <String Background="2829099" Foreground="7504122"/>
          <Symbol Background="2829099" Foreground="clSilver"/>
          <Comment Background="2829099" Foreground="8179068" Style="fsBold"/>
          <Function Background="2829099" Foreground="5219839" Style="fsBold"/>
          <Data_type Background="2829099" Foreground="clSilver" Style="fsBold"/>
          <Exception Background="2829099" Foreground="3283410" Style="fsItalic"/>
          <Reserved_word Background="2829099" Foreground="5219839" Style="fsBold"/>
          <Default_packages Background="2829099" Foreground="7504122" Style="fsBold"/>
          <SQL_Plus_command Background="clWhite" Foreground="clPurple" Style="fsBold"/>
          <Reserved_word__PL_SQL_ Background="2829099" Foreground="5219839" Style="fsBold"/>
        </SchemeZct_desert>
      </LangSQL>
      <LangJavascript Version="11">
        <SchemeZct_desert>
          <Number Background="2829099" Foreground="11505963"/>
          <String Background="2829099" Foreground="7504122"/>
          <Symbol Background="2829099" Foreground="clSilver"/>
          <Comment Background="2829099" Foreground="8179068" Style="fsBold"/>
          <Reserved_word Background="2829099" Foreground="5219839" Style="fsBold"/>
        </SchemeZct_desert>
      </LangJavascript>
      <LangDiff_File Version="11">
        <SchemeZct_desert>
          <Unknown_word Background="clGreen" Foreground="clWhite" Style="fsItalic"/>
          <Diff_New_File Background="2829099" Foreground="clSilver" Style="fsBold"/>
          <Diff_Added_line Background="13434828" Foreground="clBlack"/>
          <Diff_Changed_Line Background="11206655" Foreground="clBlack"/>
          <Diff_Chunk_Marker Background="2829099" Foreground="clSilver" Style="fsBold"/>
          <Diff_Removed_Line Background="16762823" Foreground="clBlack"/>
          <Diff_Original_File Background="2829099" Foreground="15453831" Style="fsBold"/>
          <Diff_Chunk_Line_Counts Background="2829099" Foreground="11505963" Style="fsBold"/>
          <Diff_Chunk_New_Line_Count Background="2829099" Foreground="8576238" Style="fsBold"/>
          <Diff_Chunk_Original_Line_Count Background="2829099" Foreground="7504122" Style="fsBold"/>
        </SchemeZct_desert>
      </LangDiff_File>
      <LangMS_DOS_batch_language Version="11">
        <SchemeZct_desert>
          <Key Background="2829099" Foreground="5219839" Style="fsBold"/>
          <Number Background="2829099" Foreground="11505963"/>
          <Comment Background="2829099" Foreground="8179068" Style="fsItalic"/>
          <Variable Background="2829099" Foreground="clSilver"/>
        </SchemeZct_desert>
      </LangMS_DOS_batch_language>
      <LangINI_file Version="11">
        <SchemeZct_desert>
          <Comment Background="2829099" Foreground="8179068" Style="fsItalic"/>
          <Section Background="2829099" Foreground="5219839" Style="fsBold"/>
        </SchemeZct_desert>
      </LangINI_file>
      <Langpo_language_files Version="11"/>
      <LangPike Version="11"/>
    </ColorSchemes>
  </Typhon>
</CONFIG>
