<?xml version="1.0" encoding="UTF-8"?>
<CONFIG>
  <Typhon>
    <ColorSchemes Version="11">
      <Names Count="1">
        <Item1 Value="Zct_pascalclassical"/>
      </Names>
      <Globals Version="11">
        <SchemeZct_pascalclassical>
          <ahaGutter Background="4194304" Foreground="clWhite"/>
          <ahaDefault Background="4194304" Foreground="clWhite"/>
          <ahaErrorLine Background="clRed" Foreground="clWhite"/>
          <ahaMouseLink Foreground="16777088" FrameColor="16777088" FrameEdges="sfeBottom"/>
          <ahaTextBlock Background="16750899" Foreground="33554432"/>
          <ahaWordGroup FrameColor="clRed"/>
          <ahaFoldedCode Background="clWhite" Foreground="13408665" FrameColor="clSilver"/>
          <ahaLineNumber Background="4194304" Foreground="clWhite"/>
          <ahaRightMargin Background="15790320" Foreground="33554432"/>
          <ahaBracketMatch Style="fsBold"/>
          <ahaHighlightAll Background="16750899" Foreground="33554432"/>
          <ahaModifiedLine Background="clYellow" Foreground="clLime" FrameColor="59900"/>
          <ahaHighlightWord Background="15132390" FrameColor="clSilver"/>
          <ahaSyncroEditCur FrameColor="clFuchsia"/>
          <ahaExecutionPoint Background="10066380" Foreground="clBlack"/>
          <ahaSyncroEditArea Background="clMoneyGreen"/>
          <ahaSyncroEditSync FrameColor="clRed"/>
          <ahaCodeFoldingTree Background="4194304" Foreground="13408665"/>
          <ahaGutterSeparator Background="4194304" Foreground="13408665"/>
          <ahaSyncroEditOther FrameColor="9744532"/>
          <ahaTemplateEditCur FrameColor="clAqua"/>
          <ahaTemplateEditSync FrameColor="clFuchsia"/>
          <ahaEnabledBreakpoint Background="16762823" Foreground="clBlack"/>
          <ahaIncrementalSearch Background="16750899" Foreground="33554432"/>
          <ahaInvalidBreakpoint Background="clGreen" Foreground="clWhite"/>
          <ahaTemplateEditOther FrameColor="clMaroon"/>
          <ahaUnknownBreakpoint Background="clGreen" Foreground="clWhite"/>
          <ahaDisabledBreakpoint Background="16762823" Foreground="clGray"/>
        </SchemeZct_pascalclassical>
      </Globals>
      <LangObjectPascal Version="11">
        <SchemeZct_pascalclassical>
          <Number Background="4194304" Foreground="clAqua"/>
          <String Background="4194304" Foreground="16777088"/>
          <Symbol Background="4194304" Foreground="clWhite"/>
          <Comment Background="4194304" Foreground="clLime" Style="fsBold"/>
          <Assembler Background="4194304" Foreground="4243711"/>
          <Directive Background="4194304" Foreground="33023" Style="fsBold"/>
          <Reserved_word Background="4194304" Foreground="4243711" Style="fsBold"/>
        </SchemeZct_pascalclassical>
      </LangObjectPascal>
      <LangTyphon_Form_definition Version="11"/>
      <LangXML_document Version="11">
        <SchemeZct_pascalclassical>
          <Text Background="4194304" Foreground="16777088" Style="fsBold"/>
          <Symbol Background="4194304" Foreground="clWhite"/>
          <Comment Background="4194304" Foreground="clLime" Style="fsBold"/>
          <Element_Name Background="4194304" Foreground="16777088" Style="fsBold"/>
          <CDATA_Section Background="4194304" Foreground="clWhite" Style="fsItalic"/>
          <Attribute_Name Background="4194304" Foreground="8446207"/>
          <Attribute_Value Background="4194304" Foreground="16777088" Style="fsBold"/>
          <DOCTYPE_Section Background="4194304" Foreground="33023" Style="fsItalic"/>
          <Entity_Reference Background="4194304" Foreground="clWhite" Style="fsBold"/>
          <Processing_Instruction Background="4194304" Foreground="4243711"/>
          <Namespace_Attribute_Name Background="4194304" Foreground="8446207"/>
          <Namespace_Attribute_Value Background="4194304" Foreground="16777088" Style="fsBold"/>
        </SchemeZct_pascalclassical>
      </LangXML_document>
      <LangHTML_document Version="11">
        <SchemeZct_pascalclassical>
          <Asp Background="clYellow" Foreground="clBlack"/>
          <Value Foreground="16744448"/>
          <Symbol Foreground="clRed"/>
          <Comment Foreground="clBlue" Style="fsBold"/>
          <Identifier Style="fsBold"/>
          <Unknown_word Foreground="clRed" Style="fsBold"/>
          <Reserved_word Style="fsBold"/>
          <Escape_ampersand Foreground="clLime" Style="fsBold"/>
        </SchemeZct_pascalclassical>
      </LangHTML_document>
      <LangC__ Version="11">
        <SchemeZct_pascalclassical>
          <Space Background="4194304" Foreground="clWhite"/>
          <Number Background="4194304" Foreground="clAqua"/>
          <String Background="4194304" Foreground="16777088"/>
          <Symbol Background="4194304" Foreground="clWhite"/>
          <Comment Background="4194304" Foreground="clLime" Style="fsBold"/>
          <Assembler Background="4194304" Foreground="4243711"/>
          <Preprocessor Background="4194304" Foreground="33023" Style="fsBold"/>
          <Reserved_word Background="4194304" Foreground="4243711" Style="fsBold"/>
        </SchemeZct_pascalclassical>
      </LangC__>
      <LangPerl Version="11">
        <SchemeZct_pascalclassical>
          <Space Background="4194304" Foreground="clWhite"/>
          <Number Background="4194304" Foreground="clAqua"/>
          <Pragma Background="4194304" Foreground="33023" Style="fsBold"/>
          <String Background="4194304" Foreground="16777088"/>
          <Symbol Background="4194304" Foreground="clWhite"/>
          <Comment Background="4194304" Foreground="clLime" Style="fsBold"/>
          <Variable Background="clWhite" Foreground="clPurple" Style="fsBold"/>
          <Reserved_word Background="4194304" Foreground="4243711" Style="fsBold"/>
        </SchemeZct_pascalclassical>
      </LangPerl>
      <LangJava Version="11">
        <SchemeZct_pascalclassical>
          <Space Background="4194304" Foreground="clWhite"/>
          <Number Background="4194304" Foreground="clAqua"/>
          <String Background="4194304" Foreground="16777088"/>
          <Symbol Background="4194304" Foreground="clWhite"/>
          <Comment Background="4194304" Foreground="clLime" Style="fsBold"/>
          <Documentation Background="4194304" Foreground="clWhite" Style="fsBold"/>
          <Reserved_word Background="4194304" Foreground="4243711" Style="fsBold"/>
        </SchemeZct_pascalclassical>
      </LangJava>
      <LangUNIX_Shell_Script Version="11">
        <SchemeZct_pascalclassical>
          <Number Background="4194304" Foreground="clAqua"/>
          <String Background="4194304" Foreground="16777088"/>
          <Symbol Background="4194304" Foreground="clWhite"/>
          <Comment Background="4194304" Foreground="clLime" Style="fsBold"/>
          <Variable Background="clWhite" Foreground="clPurple"/>
          <Reserved_word Background="4194304" Foreground="4243711" Style="fsBold"/>
        </SchemeZct_pascalclassical>
      </LangUNIX_Shell_Script>
      <LangPython Version="11">
        <SchemeZct_pascalclassical>
          <Float Background="4194304" Foreground="clAqua"/>
          <Octal Background="4194304" Foreground="clAqua"/>
          <Number Background="4194304" Foreground="clAqua"/>
          <String Background="4194304" Foreground="16777088"/>
          <Symbol Background="4194304" Foreground="clWhite"/>
          <Comment Background="4194304" Foreground="clLime" Style="fsBold"/>
          <Hexadecimal Background="4194304" Foreground="clAqua"/>
          <SyntaxError Background="clWhite" Foreground="clBlack"/>
          <Documentation Background="4194304" Foreground="clWhite" Style="fsBold"/>
          <Reserved_word Background="4194304" Foreground="4243711" Style="fsBold"/>
          <Non_reserved_keyword Background="4194304" Foreground="clWhite" Style="fsBold"/>
          <System_functions_and_variables Background="4194304" Foreground="clWhite" Style="fsBold"/>
        </SchemeZct_pascalclassical>
      </LangPython>
      <LangPHP Version="11">
        <SchemeZct_pascalclassical>
          <Number Background="4194304" Foreground="clAqua"/>
          <String Background="4194304" Foreground="16777088"/>
          <Symbol Background="4194304" Foreground="clWhite"/>
          <Comment Background="4194304" Foreground="clLime" Style="fsBold"/>
          <Reserved_word Background="4194304" Foreground="4243711" Style="fsBold"/>
        </SchemeZct_pascalclassical>
      </LangPHP>
      <LangSQL Version="11">
        <SchemeZct_pascalclassical>
          <Number Background="4194304" Foreground="clAqua"/>
          <String Background="4194304" Foreground="16777088"/>
          <Symbol Background="4194304" Foreground="clWhite"/>
          <Comment Background="4194304" Foreground="clLime" Style="fsBold"/>
          <Function Background="4194304" Foreground="4243711" Style="fsBold"/>
          <Data_type Background="4194304" Foreground="clWhite" Style="fsBold"/>
          <Exception Background="clWhite" Foreground="clBlack" Style="fsItalic"/>
          <Reserved_word Background="4194304" Foreground="4243711" Style="fsBold"/>
          <Default_packages Background="4194304" Foreground="16777088" Style="fsBold"/>
          <SQL_Plus_command Background="clWhite" Foreground="clPurple" Style="fsBold"/>
          <Reserved_word__PL_SQL_ Background="4194304" Foreground="4243711" Style="fsBold"/>
        </SchemeZct_pascalclassical>
      </LangSQL>
      <LangJavascript Version="11">
        <SchemeZct_pascalclassical>
          <Number Background="4194304" Foreground="clAqua"/>
          <String Background="4194304" Foreground="16777088"/>
          <Symbol Background="4194304" Foreground="clWhite"/>
          <Comment Background="4194304" Foreground="clLime" Style="fsBold"/>
          <Reserved_word Background="4194304" Foreground="4243711" Style="fsBold"/>
        </SchemeZct_pascalclassical>
      </LangJavascript>
      <LangDiff_File Version="11">
        <SchemeZct_pascalclassical>
          <Unknown_word Background="clGreen" Foreground="clWhite" Style="fsItalic"/>
          <Diff_New_File Background="4194304" Foreground="clWhite" Style="fsBold"/>
          <Diff_Added_line Background="13434828" Foreground="clBlack"/>
          <Diff_Changed_Line Background="11206655" Foreground="clBlack"/>
          <Diff_Chunk_Marker Background="4194304" Foreground="clWhite" Style="fsBold"/>
          <Diff_Removed_Line Background="16762823" Foreground="clBlack"/>
          <Diff_Original_File Background="4194304" Foreground="8446207" Style="fsBold"/>
          <Diff_Chunk_Line_Counts Background="4194304" Foreground="clAqua" Style="fsBold"/>
          <Diff_Chunk_New_Line_Count Background="4194304" Foreground="33023" Style="fsBold"/>
          <Diff_Chunk_Original_Line_Count Background="4194304" Foreground="16777088" Style="fsBold"/>
        </SchemeZct_pascalclassical>
      </LangDiff_File>
      <LangMS_DOS_batch_language Version="11">
        <SchemeZct_pascalclassical>
          <Key Background="4194304" Foreground="4243711" Style="fsBold"/>
          <Number Background="4194304" Foreground="clAqua"/>
          <Comment Background="4194304" Foreground="clLime" Style="fsItalic"/>
          <Variable Background="4194304" Foreground="clWhite"/>
        </SchemeZct_pascalclassical>
      </LangMS_DOS_batch_language>
      <LangINI_file Version="11">
        <SchemeZct_pascalclassical>
          <Comment Background="4194304" Foreground="clLime" Style="fsItalic"/>
          <Section Background="4194304" Foreground="4243711" Style="fsBold"/>
        </SchemeZct_pascalclassical>
      </LangINI_file>
      <Langpo_language_files Version="11"/>
      <LangPike Version="11"/>
    </ColorSchemes>
  </Typhon>
</CONFIG>
