<?xml version="1.0" encoding="UTF-8"?>
<CONFIG>
  <CodeToolsOptions>
    <Version Value="2"/>
    <DoNotSplitLineInFront>
      <Identifier Value="True"/>
      <Symbol Value="True"/>
    </DoNotSplitLineInFront>
    <DoNotSplitLineAfter>
      <Identifier Value="True"/>
    </DoNotSplitLineAfter>
    <DoInsertSpaceInFront>
      <At Value="True"/>
      <Number Value="True"/>
    </DoInsertSpaceInFront>
    <DoInsertSpaceAfter>
      <Number Value="True"/>
      <Symbol Value="True"/>
    </DoInsertSpaceAfter>
    <Indentation FileName="C:\Users\Jarek\AppData\Roaming\typhon64\ide_indentation.pas"/>
  </CodeToolsOptions>
</CONFIG>
