<?xml version="1.0" encoding="UTF-8"?>
<CONFIG>
  <EnvironmentOptions>
    <Version Value="110" Typhon="6.3"/>
    <TyphonDirectory Value="C:\codetyphon\typhon">
      <History Count="2">
        <Item1 Value="C:\codetyphon\typhon\"/>
        <Item2 Value="C:\typhon\"/>
      </History>
    </TyphonDirectory>
    <CompilerFilename Value="C:\codetyphon\fpc\fpc64\bin\x86_64-win64\fpc.exe">
      <History Count="3">
        <Item1 Value="C:\codetyphon\fpc\fpc64\bin\x86_64-win64\fpc.exe"/>
        <Item2 Value="C:\pp\bin\x86_64-win64\fpc.exe"/>
        <Item3 Value="C:\pp\bin\x86_64-win64\ppcx64.exe"/>
      </History>
    </CompilerFilename>
    <FPCSourceDirectory Value="c:\codetyphon\fpcsrc\">
      <History Count="1">
        <Item2 Value="C:\pp\"/>
        <Item1 Value="c:\codetyphon\fpcsrc\"/>
      </History>
    </FPCSourceDirectory>
    <MakeFilename Value="C:\codetyphon\fpc\fpc64\bin\x86_64-win64\make.exe">
      <History Count="2">
        <Item1 Value="C:\pp\bin\x86_64-win64\make.exe"/>
        <Item2 Value="C:\codetyphon\fpc\fpc64\bin\x86_64-win64\make.exe"/>
      </History>
    </MakeFilename>
    <TestBuildDirectory Value="C:\codetyphon\typhonTemp\">
      <History Count="2">
        <Item1 Value="C:\typhonTemp\"/>
        <Item2 Value="C:\codetyphon\typhonTemp\"/>
      </History>
    </TestBuildDirectory>
    <BackupProjectFiles Type="None" SubDirectory=""/>
    <BackupOtherFiles Type="None" SubDirectory=""/>
    <Recent>
      <OpenFiles Count="10">
        <Item1 Value="E:\Projekty Lazarusa\OTIS-2\UZatrudnieni.frm"/>
        <Item2 Value="E:\Projekty Lazarusa\OTIS-2\URozmieszczenie.pas"/>
        <Item3 Value="C:\codetyphon\typhon\components\pl_RX\source\rxdbgrid.pas"/>
        <Item4 Value="C:\codetyphon\typhon\lcl\dbgrids.pas"/>
        <Item5 Value="C:\codetyphon\typhon\lcl\clipbrd.pp"/>
        <Item6 Value="C:\codetyphon\typhon\lcl\include\clipbrd.inc"/>
        <Item7 Value="C:\codetyphon\fpcsrc\rtl\objpas\types.pp"/>
        <Item8 Value="C:\codetyphon\typhon\components\YearPlan\yearplanner.pas"/>
        <Item9 Value="C:\codetyphon\typhon\ide\ct_popuppkgs.pas"/>
        <Item10 Value="C:\codetyphon\typhon\ide\ct_popupcomppages.pas"/>
      </OpenFiles>
      <ProjectFiles Count="5">
        <Item1 Value="E:\Projekty Lazarusa\OTIS-2\project1.ctpr"/>
        <Item2 Value="C:\codetyphon\CodeOcean\pl_RX\samples\PhoneBookDemo\PhoneBookDemo.ctpr"/>
        <Item3 Value="C:\codetyphon\CodeOcean\pl_RX\samples\RxDBGrid\RxDBGridDemo.ctpr"/>
        <Item4 Value="C:\codetyphon\CodeOcean\pl_RX\samples\FolderLister\FolderLister.ctpr"/>
        <Item5 Value="C:\codetyphon\CodeOcean\pl_RX\samples\AutoSort\AutoSortDemo.ctpr"/>
      </ProjectFiles>
      <PackageFiles Count="2">
        <Item1 Value="C:\codetyphon\typhon\components\YearPlan\YearPlan.ctpkg"/>
        <Item2 Value="C:\codetyphon\typhon\components\pl_OpenGL\pl_opengl.ctpkg"/>
      </PackageFiles>
    </Recent>
    <ExternalTools Version="3"/>
    <CharcaseFileAction Value="Ignore"/>
    <Debugger Class="TGDBMIDebugger" EventLogLineLimit="100">
      <WatchesDlg ColumnNameWidth="-1" ColumnValueWidth="-1"/>
      <CallStackDlg ViewCount="0"/>
    </Debugger>
    <DebuggerFilename Value="C:\codetyphon\binGDB\win64\gdb.exe">
      <History Count="4">
        <Item1 Value="C:\pp\binGDB\win64\gdb.exe"/>
        <Item2 Value="C:\pp\binGDB\win32\gdb.exe"/>
        <Item3 Value="C:\pp\binGDB\wince\gdb.exe"/>
        <Item4 Value="C:\codetyphon\binGDB\win64\gdb.exe"/>
      </History>
    </DebuggerFilename>
    <DebuggerOptions>
      <ShowStopMessage Value="False"/>
    </DebuggerOptions>
    <FormEditor GridColor="10790052" ShowBorderSpacing="True">
      <Rubberband>
        <SelectionColor Value="8388608"/>
        <CreationColor Value="128"/>
      </Rubberband>
      <GrabberColor Value="16740721"/>
    </FormEditor>
    <LastCalledByTyphonFullPath Value="C:\codetyphon\typhon\bin64\typhon.exe"/>
    <CompilerMessagesFilename>
      <History Count="1">
        <Item2 Value="$(FPCSrcDir)\compiler\msg\errordu.msg"/>
        <Item1 Value="$(FPCSrcDir)\compiler\msg\errordu.msg"/>
      </History>
    </CompilerMessagesFilename>
    <AmbiguousFileAction Value="Ignore"/>
    <LowercaseDefaultFilename Value="False"/>
    <OptionDialog>
      <Tree>
        <TEditorOptions>
          <TEditorMouseOptionsFrame Value="False"/>
        </TEditorOptions>
      </Tree>
    </OptionDialog>
  </EnvironmentOptions>
  <ObjectInspectorOptions ShowHints="False" InfoBoxHeight="110">
    <Version Value="3"/>
    <Bounds>
      <PropertyPage SplitterX="189"/>
      <EventPage SplitterX="154"/>
    </Bounds>
    <ComponentTree>
      <Height Value="185"/>
    </ComponentTree>
  </ObjectInspectorOptions>
  <Desktops Count="2" ActiveDesktop="default docked">
    <Desktop1 Name="default">
      <Desktop Version="2" FormIdCount="31">
        <FormIdList a1="MainIDE" a2="ObjectInspectorDlg" a3="MessagesView" a4="SourceNotebook" a5="PseudoTerminal" a6="Watches" a7="BreakPoints" a8="Locals" a9="CallStack" a10="EvaluateModify" a11="Registers" a12="Assembler" a13="DbgOutput" a14="Inspect" a15="DbgEvents" a16="Threads" a17="DbgHistory" a18="UnitDependencies" a19="CodeExplorerView" a20="FPDocEditor" a21="ClipBrdHistory" a22="PkgGraphExplorer" a23="ProjectInspector" a24="EditorFileManager" a25="SearchResults" a26="AnchorEditor" a27="TabOrderEditor" a28="CodeBrowser" a29="IssueBrowser" a30="JumpHistory" a31="ComponentList"/>
      </Desktop>
      <MainIDE>
        <Caption Value="MainIDE"/>
        <CustomPosition Width="1200" Height="100"/>
        <Visible Value="True"/>
      </MainIDE>
      <ObjectInspectorDlg>
        <Caption Value="ObjectInspectorDlg"/>
        <CustomPosition Left="4" Top="136" Width="230" Height="641"/>
        <Visible Value="True"/>
      </ObjectInspectorDlg>
      <MessagesView>
        <Caption Value="MessagesView"/>
        <CustomPosition Left="241" Top="682" Width="959" Height="100"/>
        <Visible Value="True"/>
      </MessagesView>
      <SourceNotebook>
        <Caption Value="SourceNotebook"/>
        <CustomPosition Left="242" Top="136" Width="957" Height="509"/>
      </SourceNotebook>
      <PseudoTerminal>
        <Caption Value="PseudoTerminal"/>
      </PseudoTerminal>
      <Watches>
        <Caption Value="Watches"/>
      </Watches>
      <BreakPoints>
        <Caption Value="BreakPoints"/>
      </BreakPoints>
      <Locals>
        <Caption Value="Locals"/>
      </Locals>
      <CallStack>
        <Caption Value="CallStack"/>
      </CallStack>
      <EvaluateModify>
        <Caption Value="EvaluateModify"/>
      </EvaluateModify>
      <Registers>
        <Caption Value="Registers"/>
      </Registers>
      <Assembler>
        <Caption Value="Assembler"/>
      </Assembler>
      <DbgOutput>
        <Caption Value="DbgOutput"/>
      </DbgOutput>
      <Inspect>
        <Caption Value="Inspect"/>
      </Inspect>
      <DbgEvents>
        <Caption Value="DbgEvents"/>
      </DbgEvents>
      <Threads>
        <Caption Value="Threads"/>
      </Threads>
      <DbgHistory>
        <Caption Value="DbgHistory"/>
      </DbgHistory>
      <UnitDependencies>
        <Caption Value="UnitDependencies"/>
      </UnitDependencies>
      <CodeExplorerView>
        <Caption Value="CodeExplorerView"/>
      </CodeExplorerView>
      <FPDocEditor>
        <Caption Value="FPDocEditor"/>
      </FPDocEditor>
      <ClipBrdHistory>
        <Caption Value="ClipBrdHistory"/>
      </ClipBrdHistory>
      <PkgGraphExplorer>
        <Caption Value="PkgGraphExplorer"/>
      </PkgGraphExplorer>
      <ProjectInspector>
        <Caption Value="ProjectInspector"/>
      </ProjectInspector>
      <EditorFileManager>
        <Caption Value="EditorFileManager"/>
      </EditorFileManager>
      <SearchResults>
        <Caption Value="SearchResults"/>
      </SearchResults>
      <AnchorEditor>
        <Caption Value="AnchorEditor"/>
      </AnchorEditor>
      <TabOrderEditor>
        <Caption Value="TabOrderEditor"/>
      </TabOrderEditor>
      <CodeBrowser>
        <Caption Value="CodeBrowser"/>
      </CodeBrowser>
      <IssueBrowser>
        <Caption Value="IssueBrowser"/>
      </IssueBrowser>
      <JumpHistory>
        <Caption Value="JumpHistory"/>
      </JumpHistory>
      <ComponentList>
        <Caption Value="ComponentList"/>
      </ComponentList>
      <Dialogs Count="3">
        <Dialog1>
          <Name Value="TLazFindInFilesDialog"/>
          <Size Width="0" Height="0"/>
        </Dialog1>
        <Dialog2>
          <Name Value="TLazFindReplaceDialog"/>
          <Size Width="0" Height="0"/>
        </Dialog2>
        <Dialog3>
          <Name Value="TIDEOptionsDialog"/>
          <Size Width="800" Height="600"/>
        </Dialog3>
      </Dialogs>
      <IDECoolBarOptions>
        <Width Value="230"/>
      </IDECoolBarOptions>
      <EditorToolBarOptions Position="" Version="1" Count="4">
        <Button1 Name="IDEMainMenu/Search/itmJumpings/itmJumpToSection/itmJumpToImplementation"/>
        <Button2 Name="IDEMainMenu/Search/itmJumpings/itmJumpBack"/>
        <Button3 Name="IDEMainMenu/Search/itmJumpings/itmJumpForward"/>
        <Button4 Name="---------------"/>
      </EditorToolBarOptions>
    </Desktop1>
    <Desktop2 Name="default docked" DockMaster="TIDEGlassDockMaster">
      <Desktop Version="2" FormIdCount="32">
        <FormIdList a1="MainIDE" a2="SourceNotebook" a3="MessagesView" a4="TabOrderEditor" a5="AnchorEditor" a6="PkgGraphExplorer" a7="PackageEditor_YearPlan" a8="ObjectInspectorDlg" a9="PseudoTerminal" a10="Watches" a11="BreakPoints" a12="Locals" a13="CallStack" a14="EvaluateModify" a15="Registers" a16="Assembler" a17="DbgOutput" a18="Inspect" a19="DbgEvents" a20="Threads" a21="DbgHistory" a22="UnitDependencies" a23="CodeExplorerView" a24="FPDocEditor" a25="ClipBrdHistory" a26="ProjectInspector" a27="EditorFileManager" a28="SearchResults" a29="CodeBrowser" a30="IssueBrowser" a31="JumpHistory" a32="ComponentList"/>
      </Desktop>
      <MainIDE>
        <Caption Value="MainIDE"/>
        <CustomPosition Left="1" Top="4" Width="1430" Height="111"/>
        <Visible Value="True"/>
      </MainIDE>
      <SourceNotebook>
        <Caption Value="SourceNotebook"/>
        <CustomPosition Left="404" Top="192" Width="1367" Height="766"/>
        <Visible Value="True"/>
      </SourceNotebook>
      <MessagesView>
        <Caption Value="MessagesView"/>
        <CustomPosition Left="404" Top="962" Width="1367" Height="63"/>
      </MessagesView>
      <TabOrderEditor>
        <Caption Value="TabOrderEditor"/>
        <CustomPosition Left="306" Top="300" Width="426" Height="419"/>
      </TabOrderEditor>
      <AnchorEditor>
        <Caption Value="AnchorEditor"/>
        <CustomPosition Left="286" Top="280" Width="544" Height="361"/>
      </AnchorEditor>
      <PkgGraphExplorer>
        <Caption Value="PkgGraphExplorer"/>
        <CustomPosition Left="286" Top="230" Width="661" Height="514"/>
      </PkgGraphExplorer>
      <PackageEditor_YearPlan>
        <Caption Value="PackageEditor_YearPlan"/>
        <CustomPosition Left="286" Top="230" Width="466" Height="494"/>
      </PackageEditor_YearPlan>
      <ObjectInspectorDlg>
        <Caption Value="ObjectInspectorDlg"/>
        <CustomPosition Left="9" Top="236" Width="340" Height="813"/>
      </ObjectInspectorDlg>
      <PseudoTerminal>
        <Caption Value="PseudoTerminal"/>
      </PseudoTerminal>
      <Watches>
        <Caption Value="Watches"/>
      </Watches>
      <BreakPoints>
        <Caption Value="BreakPoints"/>
      </BreakPoints>
      <Locals>
        <Caption Value="Locals"/>
      </Locals>
      <CallStack>
        <Caption Value="CallStack"/>
      </CallStack>
      <EvaluateModify>
        <Caption Value="EvaluateModify"/>
      </EvaluateModify>
      <Registers>
        <Caption Value="Registers"/>
      </Registers>
      <Assembler>
        <Caption Value="Assembler"/>
      </Assembler>
      <DbgOutput>
        <Caption Value="DbgOutput"/>
      </DbgOutput>
      <Inspect>
        <Caption Value="Inspect"/>
      </Inspect>
      <DbgEvents>
        <Caption Value="DbgEvents"/>
      </DbgEvents>
      <Threads>
        <Caption Value="Threads"/>
      </Threads>
      <DbgHistory>
        <Caption Value="DbgHistory"/>
      </DbgHistory>
      <UnitDependencies>
        <Caption Value="UnitDependencies"/>
      </UnitDependencies>
      <CodeExplorerView>
        <Caption Value="CodeExplorerView"/>
      </CodeExplorerView>
      <FPDocEditor>
        <Caption Value="FPDocEditor"/>
      </FPDocEditor>
      <ClipBrdHistory>
        <Caption Value="ClipBrdHistory"/>
      </ClipBrdHistory>
      <ProjectInspector>
        <Caption Value="ProjectInspector"/>
      </ProjectInspector>
      <EditorFileManager>
        <Caption Value="EditorFileManager"/>
      </EditorFileManager>
      <SearchResults>
        <Caption Value="SearchResults"/>
      </SearchResults>
      <CodeBrowser>
        <Caption Value="CodeBrowser"/>
      </CodeBrowser>
      <IssueBrowser>
        <Caption Value="IssueBrowser"/>
      </IssueBrowser>
      <JumpHistory>
        <Caption Value="JumpHistory"/>
      </JumpHistory>
      <ComponentList>
        <Caption Value="ComponentList"/>
      </ComponentList>
      <Dialogs Count="20">
        <Dialog1>
          <Name Value="TLazFindInFilesDialog"/>
          <Size Width="0" Height="0"/>
        </Dialog1>
        <Dialog2>
          <Name Value="TLazFindReplaceDialog"/>
          <Size Width="487" Height="367"/>
        </Dialog2>
        <Dialog3>
          <Name Value="TChgEncodingDialog"/>
          <Size Width="683" Height="560"/>
        </Dialog3>
        <Dialog4>
          <Name Value="TConfigureBuildTyphonDlg"/>
          <Size Width="700" Height="480"/>
        </Dialog4>
        <Dialog5>
          <Name Value="TViewUnitDialog"/>
          <Size Width="450" Height="300"/>
        </Dialog5>
        <Dialog6>
          <Name Value="TCollectionPropertyEditorForm"/>
          <Size Width="270" Height="300"/>
        </Dialog6>
        <Dialog7>
          <Name Value="TTreeViewItemsEditorForm"/>
          <Size Width="635" Height="321"/>
        </Dialog7>
        <Dialog8>
          <Name Value="TDSFieldsEditorFrm"/>
          <Size Width="257" Height="334"/>
        </Dialog8>
        <Dialog9>
          <Name Value="TStringsPropEditorDlg"/>
          <Size Width="400" Height="302"/>
        </Dialog9>
        <Dialog10>
          <Name Value="TFieldsListFrm"/>
          <Size Width="173" Height="271"/>
        </Dialog10>
        <Dialog11>
          <Name Value="TNewFieldFrm"/>
          <Size Width="383" Height="290"/>
        </Dialog11>
        <Dialog12>
          <Name Value="TPublishProjectDialog"/>
          <Size Width="498" Height="476"/>
        </Dialog12>
        <Dialog13>
          <Name Value="TIDEOptionsDialog"/>
          <Size Width="1187" Height="702"/>
        </Dialog13>
        <Dialog14>
          <Name Value="TShortCutDialog"/>
          <Size Width="422" Height="100"/>
        </Dialog14>
        <Dialog15>
          <Name Value="TInstallPkgSetDialog"/>
          <Size Width="607" Height="578"/>
        </Dialog15>
        <Dialog16>
          <Name Value="TOpenLoadedPackagesDlg"/>
          <Size Width="685" Height="450"/>
        </Dialog16>
        <Dialog17>
          <Name Value="TToolBarConfig"/>
          <Size Width="696" Height="457"/>
        </Dialog17>
        <Dialog18>
          <Name Value="TImageListEditorDlg"/>
          <Size Width="616" Height="379"/>
        </Dialog18>
        <Dialog19>
          <Name Value="TActionListEditor"/>
          <Size Width="404" Height="315"/>
        </Dialog19>
        <Dialog20>
          <Name Value="TNewOtherDialog"/>
          <Size Width="750" Height="600"/>
        </Dialog20>
      </Dialogs>
      <IDECoolBarOptions Count="1">
        <Width Value="230"/>
        <ToolBar1 Version="1" Count="47">
          <Button1 Name="New"/>
          <Button2 Name="NewUnit"/>
          <Button3 Name="NewForm"/>
          <Button4 Name="---------------"/>
          <Button5 Name="New Multi-Project"/>
          <Button6 Name="Open Multi-Project"/>
          <Button7 Name="Multi-Project Inspector ..."/>
          <Button8 Name="---------------"/>
          <Button9 Name="New project"/>
          <Button10 Name="Open project"/>
          <Button11 Name="Save project"/>
          <Button12 Name="Save project as"/>
          <Button13 Name="Project Inspector"/>
          <Button14 Name="View project options"/>
          <Button15 Name="---------------"/>
          <Button16 Name="Open"/>
          <Button17 Name="Save"/>
          <Button18 Name="SaveAs"/>
          <Button19 Name="SaveAll"/>
          <Button20 Name="---------------"/>
          <Button21 Name="Toggle view Source Editor"/>
          <Button22 Name="Toggle view Object Inspector"/>
          <Button23 Name="View Components"/>
          <Button24 Name="View Units"/>
          <Button25 Name="View Forms"/>
          <Button26 Name="Toggle between Unit and Form"/>
          <Button27 Name="---------------"/>
          <Button28 Name="Find text"/>
          <Button29 Name="Replace text"/>
          <Button30 Name="---------------"/>
          <Button31 Name="Open package file"/>
          <Button32 Name="Open package file from List"/>
          <Button33 Name="Package graph"/>
          <Button34 Name="---------------"/>
          <Button35 Name="Example Projects"/>
          <Button36 Name="General environment options"/>
          <Button37 Name="Manage desktops"/>
          <Button38 Name="---------------"/>
          <Button39 Name="Compile project/program"/>
          <Button40 Name="Build project/program"/>
          <Button41 Name="Run without debugging"/>
          <Button42 Name="Run program"/>
          <Button43 Name="Pause program"/>
          <Button44 Name="Stop program"/>
          <Button45 Name="Step over"/>
          <Button46 Name="Step into"/>
          <Button47 Name="Step out"/>
        </ToolBar1>
      </IDECoolBarOptions>
      <EditorToolBarOptions Version="1" Count="15">
        <Button1 Name="Jump to Implementation"/>
        <Button2 Name="Jump back"/>
        <Button3 Name="Jump forward"/>
        <Button4 Name="---------------"/>
        <Button5 Name="Undo"/>
        <Button6 Name="Redo"/>
        <Button7 Name="---------------"/>
        <Button8 Name="Indent block"/>
        <Button9 Name="Unindent block"/>
        <Button10 Name="Toggle comment"/>
        <Button11 Name="---------------"/>
        <Button12 Name="Remove empty methods"/>
        <Button13 Name="Remove unused units"/>
        <Button14 Name="Complete code"/>
        <Button15 Name="Find overloads"/>
      </EditorToolBarOptions>
      <ComponentPaletteOptions>
        <Pages Count="146">
          <Item1 Value="Standard"/>
          <Item2 Value="Additional"/>
          <Item3 Value="Misc"/>
          <Item4 Value="Dialogs"/>
          <Item5 Value="System"/>
          <Item6 Value="BaseControls"/>
          <Item7 Value="Data Access"/>
          <Item8 Value="Data Controls"/>
          <Item9 Value="Common Controls"/>
          <Item10 Value="RX DBAware"/>
          <Item11 Value="Reports"/>
          <Item12 Value="RichText"/>
          <Item13 Value="Zeos Access"/>
          <Item14 Value="ACS I/O"/>
          <Item15 Value="ACS Processing"/>
          <Item16 Value="ASIO/VST Basics"/>
          <Item17 Value="ASIO/VST DSP"/>
          <Item18 Value="ASIO/VST GUI"/>
          <Item19 Value="ASIO/VST GUI Stitched"/>
          <Item20 Value="ASIO/VST Modular"/>
          <Item21 Value="Abbrevia"/>
          <Item22 Value="ActiveX"/>
          <Item23 Value="AggPas"/>
          <Item24 Value="Astronomy"/>
          <Item25 Value="BGRA Controls 1"/>
          <Item26 Value="BGRA Controls 2"/>
          <Item27 Value="BGRA uEControls"/>
          <Item28 Value="Barcodes"/>
          <Item29 Value="Brook Brokers"/>
          <Item30 Value="Brook Core"/>
          <Item31 Value="Ceos"/>
          <Item32 Value="Chart"/>
          <Item33 Value="Chromium"/>
          <Item34 Value="Cindy Base"/>
          <Item35 Value="Cindy Base Adv"/>
          <Item36 Value="Cindy Base Edit"/>
          <Item37 Value="Cindy Data Non-Visual"/>
          <Item38 Value="Cindy Data Visual"/>
          <Item39 Value="Cindy Non-Visual"/>
          <Item40 Value="ColorLib"/>
          <Item41 Value="Custom Drawn"/>
          <Item42 Value="DCP Ciphers"/>
          <Item43 Value="DCP Hashes"/>
          <Item44 Value="Data Export"/>
          <Item45 Value="DataPort"/>
          <Item46 Value="Docking"/>
          <Item47 Value="ECControls"/>
          <Item48 Value="Extra Compress"/>
          <Item49 Value="Extra Controls 1"/>
          <Item50 Value="Extra Controls 2"/>
          <Item51 Value="Extra Database"/>
          <Item52 Value="Extra Design"/>
          <Item53 Value="Extra Geographic"/>
          <Item54 Value="Extra System"/>
          <Item55 Value="FPReport"/>
          <Item56 Value="FZControls"/>
          <Item57 Value="FZControls DB"/>
          <Item58 Value="Fortes Report"/>
          <Item59 Value="FpWeb"/>
          <Item60 Value="FreeSpider"/>
          <Item61 Value="GLScene"/>
          <Item62 Value="GLScene PFX"/>
          <Item63 Value="GLScene Shaders"/>
          <Item64 Value="GLScene Terrain"/>
          <Item65 Value="GLScene Utils"/>
          <Item66 Value="GaiaGIS"/>
          <Item67 Value="GeoGIS"/>
          <Item68 Value="Google API 1"/>
          <Item69 Value="Google API 2"/>
          <Item70 Value="Google API 3"/>
          <Item71 Value="Google API 4"/>
          <Item72 Value="Graphics32 Base"/>
          <Item73 Value="Graphics32 Extra"/>
          <Item74 Value="Graphics32 MiniGlue"/>
          <Item75 Value="HtmlViewer"/>
          <Item76 Value="IPro"/>
          <Item77 Value="Industrial"/>
          <Item78 Value="Indy Clients - Core"/>
          <Item79 Value="Indy Clients Protocols (am)"/>
          <Item80 Value="Indy Clients Protocols (nz)"/>
          <Item81 Value="Indy I/O Handlers - Core"/>
          <Item82 Value="Indy I/O Handlers Protocols"/>
          <Item83 Value="Indy Intercepts - Core"/>
          <Item84 Value="Indy Intercepts Protocols"/>
          <Item85 Value="Indy Misc - Core"/>
          <Item86 Value="Indy Misc Protocols"/>
          <Item87 Value="Indy Misc Protocols Decoder"/>
          <Item88 Value="Indy Misc Protocols Encoder"/>
          <Item89 Value="Indy SASL Protocols"/>
          <Item90 Value="Indy Servers - Core"/>
          <Item91 Value="Indy Servers Mapped Port"/>
          <Item92 Value="Indy Servers Protocols (am)"/>
          <Item93 Value="Indy Servers Protocols (nz)"/>
          <Item94 Value="JVCL"/>
          <Item95 Value="JVCL DB"/>
          <Item96 Value="JVCL NAV"/>
          <Item97 Value="JVCL VAL"/>
          <Item98 Value="JVCL XP"/>
          <Item99 Value="Jujibo"/>
          <Item100 Value="Jujibo DB"/>
          <Item101 Value="KContols"/>
          <Item102 Value="LNet"/>
          <Item103 Value="LockBox"/>
          <Item104 Value="LuiControls"/>
          <Item105 Value="LuiControls DB"/>
          <Item106 Value="LuiControls REST"/>
          <Item107 Value="Multimedia"/>
          <Item108 Value="ORCA"/>
          <Item109 Value="OnGuard"/>
          <Item110 Value="OpenGL"/>
          <Item111 Value="OpenGPSX"/>
          <Item112 Value="OpenWeather"/>
          <Item113 Value="OpenWire"/>
          <Item114 Value="Orpheus"/>
          <Item115 Value="PasDoc"/>
          <Item116 Value="Pascal Script"/>
          <Item117 Value="PascalSCADA - FreePascal"/>
          <Item118 Value="PascalSCADA Database"/>
          <Item119 Value="PascalSCADA HCl"/>
          <Item120 Value="PascalSCADA Ports"/>
          <Item121 Value="PascalSCADA Protocols"/>
          <Item122 Value="PascalSCADA Tags"/>
          <Item123 Value="PascalSCADA User Management"/>
          <Item124 Value="PascalSCADA Utils"/>
          <Item125 Value="PowerPdf"/>
          <Item126 Value="RTTI"/>
          <Item127 Value="RX"/>
          <Item128 Value="RX Tools"/>
          <Item129 Value="SQLdb"/>
          <Item130 Value="Shapes"/>
          <Item131 Value="Shapes Objects"/>
          <Item132 Value="Solutions"/>
          <Item133 Value="SpkToolbar"/>
          <Item134 Value="Spreadsheet"/>
          <Item135 Value="SynEdit"/>
          <Item136 Value="SynapseVS"/>
          <Item137 Value="TitanScripter"/>
          <Item138 Value="UIB"/>
          <Item139 Value="UserControl"/>
          <Item140 Value="Virtual Controls"/>
          <Item141 Value="Virtual Controls DB"/>
          <Item142 Value="Visual PlanIt"/>
          <Item143 Value="Win_DSPack"/>
          <Item144 Value="Win_MIDI"/>
          <Item145 Value="ZMSql"/>
          <Item146 Value="Jaro"/>
        </Pages>
      </ComponentPaletteOptions>
      <GlassDocking>
        <Version Value="1"/>
        <Settings HeaderAlignTop="90" HeaderColor="536870912"/>
        <MainConfig>
          <Nodes ChildCount="3">
            <Item1 Name="MainIDE" Type="CustomSite">
              <Bounds Left="1" Top="4" Width="1430" Height="111">
                <WorkArea>
                  <Rect Right="1920" Bottom="1040"/>
                </WorkArea>
              </Bounds>
            </Item1>
            <Item2 Name="GlassDockSite4" Type="Layout" ChildCount="3">
              <Bounds Left="362" Top="162" Width="1384" Height="833">
                <WorkArea>
                  <Rect Right="1920" Bottom="1040"/>
                </WorkArea>
              </Bounds>
              <Item1 Name="SourceNotebook" Type="Control">
                <Bounds Width="1384" Height="766"/>
                <Anchors Bottom="GlassDockSplitter1"/>
              </Item1>
              <Item2 Name="GlassDockSplitter1" Type="SplitterHorizontal">
                <Bounds Top="766" Width="1384" Height="4"/>
              </Item2>
              <Item3 Name="MessagesView" Type="Control">
                <Bounds Top="770" Width="1384" Height="63"/>
                <Anchors Top="GlassDockSplitter1"/>
              </Item3>
            </Item2>
            <Item3 Name="ObjectInspectorDlg" Type="Control">
              <Bounds Left="1" Top="157" Width="345" Height="842">
                <WorkArea>
                  <Rect Right="1920" Bottom="1040"/>
                </WorkArea>
              </Bounds>
            </Item3>
          </Nodes>
        </MainConfig>
      </GlassDocking>
    </Desktop2>
  </Desktops>
</CONFIG>
