<?xml version="1.0" encoding="UTF-8"?>
<CONFIG>
  <InputHistory>
    <Version Value="1"/>
    <Find>
      <History>
        <Find Count="1">
          <Item1 Value="GetCellProps"/>
        </Find>
      </History>
      <Version Value="1"/>
    </Find>
    <FileDialog InitialDir="E:\Projekty Lazarusa\OTIS-2\">
      <HistoryList Count="18">
        <Item1 Value="E:\Projekty Lazarusa\OTIS-2\"/>
        <Item2 Value="C:\codetyphon\CodeOcean\pl_RX\samples\PhoneBookDemo\"/>
        <Item3 Value="C:\codetyphon\CodeOcean\pl_RX\samples\RxDBGrid\"/>
        <Item4 Value="C:\codetyphon\CodeOcean\pl_RX\samples\FolderLister\"/>
        <Item5 Value="C:\codetyphon\CodeOcean\pl_RX\samples\AutoSort\"/>
        <Item6 Value="C:\codetyphon\CodeOcean\pl_RX\samples\RxDBGrid_Filter\"/>
        <Item7 Value="C:\codetyphon\CodeOcean\pl_RX\samples\RxDBGrid_FilterZeos\"/>
        <Item8 Value="C:\codetyphon\CodeOcean\pl_RX\samples\RxDBGrid_GroupData\"/>
        <Item9 Value="C:\codetyphon\CodeOcean\pl_RX\samples\RxDBVerticalGrid\"/>
        <Item10 Value="C:\codetyphon\CodeOcean\pl_RX\samples\RxHistoryNavigator\"/>
        <Item11 Value="C:\codetyphon\CodeOcean\pl_RX\samples\RxViewsPanel\"/>
        <Item12 Value="C:\codetyphon\CodeOcean\pl_RX\samples\RxMemDSFilter\"/>
        <Item13 Value="C:\codetyphon\CodeOcean\pl_RX\samples\RxDBGrid_MergeCell\"/>
        <Item14 Value="C:\codetyphon\typhon\components\YearPlan\"/>
        <Item15 Value="C:\codetyphon\typhon\components\"/>
        <Item16 Value="C:\codetyphon"/>
        <Item17 Value="C:\codetyphon\typhon"/>
        <Item18 Value="C:\codetyphon\CodeOcean"/>
      </HistoryList>
    </FileDialog>
    <HistoryLists Count="6">
      <List0 Name="PublishProjectDestinationDirectories" Type="File" Count="4">
        <Item1 Value="$(TestDir)/publishedproject/"/>
        <Item2 Value="$(TestDir)\publishedproject\"/>
        <Item3 Value="$(TestDir)\publishedpackage\"/>
        <Item4 Value="$(ProjPath)\published\"/>
      </List0>
      <List1 Name="PublishProjectCommmandsAfter" Count="3">
        <Item1 Value="tar czf $MakeFile($(ProjPublishDir)).tgz $(ProjPublishDir)"/>
        <Item2 Value="tar czf $(TestDir)\project.tgz -C $(TestDir) publishedproject"/>
        <Item3 Value="tar czf $(TestDir)\package.tgz -C $(TestDir) publishedpackage"/>
      </List1>
      <List2 Name="PublishProjectIncludeFileFilter" Type="File" Count="1">
        <Item1 Value="*.(pas|pp|inc|ppr|frm|ctrs|ctpr|ctpkg|xml|sh)"/>
      </List2>
      <List3 Name="PublishProjectExcludeFileFilter" Type="File" Count="1">
        <Item1 Value="*.(bak|ppu|ppl|a|o|so);*~;backup"/>
      </List3>
      <List4 Name="FormatPasteTxtBefore" Count="1">
        <Item1 Value="Add('"/>
      </List4>
      <List5 Name="FormatPasteTxtAfter" Count="1">
        <Item1 Value="');"/>
      </List5>
    </HistoryLists>
    <New>
      <Project Type="Form"/>
      <File Type="Form"/>
    </New>
  </InputHistory>
</CONFIG>
