<?xml version="1.0" encoding="UTF-8"?>
<CONFIG>
  <InputHistory>
    <Version Value="1"/>
    <Find>
      <Version Value="1"/>
    </Find>
    <FileDialog InitialDir="C:\codetyphon\typhon\components\YearPlan\">
      <HistoryList Count="5">
        <Item1 Value="C:\codetyphon\typhon\components\YearPlan\"/>
        <Item2 Value="E:\Projekty Lazarusa\OTIS-2\Projekty\"/>
        <Item3 Value="C:\codetyphon"/>
        <Item4 Value="C:\codetyphon\typhon"/>
        <Item5 Value="C:\codetyphon\CodeOcean"/>
      </HistoryList>
    </FileDialog>
    <HistoryLists Count="2">
      <List0 Name="FormatPasteTxtBefore" Count="1">
        <Item1 Value="Add('"/>
      </List0>
      <List1 Name="FormatPasteTxtAfter" Count="1">
        <Item1 Value="');"/>
      </List1>
    </HistoryLists>
  </InputHistory>
</CONFIG>
