<?xml version="1.0" encoding="UTF-8"?>
<CONFIG>
  <UserPkgLinks Version="3" Count="1">
    <Item1>
      <Name Value="YearPlan"/>
      <Filename Value="components\YearPlan\YearPlan.ctpkg"/>
      <LastUsed Value="2018/10/10 22:12:46"/>
    </Item1>
  </UserPkgLinks>
  <GlobalPkgLinks Version="3" Count="177">
    <Item1>
      <Name Value="adfcl"/>
      <Version Major="6" Minor="6" Release="1"/>
      <LastUsed Value="2018/10/10 22:12:46"/>
    </Item1>
    <Item2>
      <Name Value="adlcl"/>
      <Version Major="6" Minor="6" Release="1"/>
      <LastUsed Value="2018/10/10 22:12:46"/>
    </Item2>
    <Item3>
      <Name Value="adlclbase"/>
      <Version Major="6" Minor="6" Release="1"/>
      <LastUsed Value="2018/10/10 22:12:46"/>
    </Item3>
    <Item4>
      <Name Value="bs_codetools"/>
      <Version Major="6" Minor="6" Release="1"/>
      <LastUsed Value="2018/10/10 22:12:46"/>
    </Item4>
    <Item5>
      <Name Value="bs_controls"/>
      <Version Major="6" Minor="6" Release="1"/>
      <LastUsed Value="2018/10/10 22:12:46"/>
    </Item5>
    <Item6>
      <Name Value="bs_debuggergdbmi"/>
      <Version Major="6" Minor="6" Release="1"/>
      <LastUsed Value="2018/10/10 22:12:46"/>
    </Item6>
    <Item7>
      <Name Value="bs_debuggerintf"/>
      <Version Major="6" Minor="6" Release="1"/>
      <LastUsed Value="2018/10/10 22:12:46"/>
    </Item7>
    <Item8>
      <Name Value="bs_ideintf"/>
      <Version Major="6" Minor="6" Release="1"/>
      <LastUsed Value="2018/10/10 22:12:46"/>
    </Item8>
    <Item9>
      <Name Value="bs_synedit"/>
      <Version Major="6" Minor="6" Release="1"/>
      <LastUsed Value="2018/10/10 22:12:46"/>
    </Item9>
    <Item10>
      <Name Value="bs_utils"/>
      <Version Major="6" Minor="6" Release="1"/>
      <LastUsed Value="2018/10/10 22:12:46"/>
    </Item10>
    <Item11>
      <Name Value="ds_cgi_ide"/>
      <Version Major="6" Minor="2" Release="1"/>
      <LastUsed Value="2018/10/10 22:12:46"/>
    </Item11>
    <Item12>
      <Name Value="ds_chmhelp_ide"/>
      <Version Major="6" Release="1"/>
      <LastUsed Value="2018/10/10 22:12:46"/>
    </Item12>
    <Item13>
      <Name Value="ds_compilerc_ide"/>
      <Version Major="6" Minor="2" Release="1"/>
      <LastUsed Value="2018/10/10 22:12:46"/>
    </Item13>
    <Item14>
      <Name Value="ds_extent_ide"/>
      <Version Major="6" Minor="6" Release="1"/>
      <LastUsed Value="2018/10/10 22:12:46"/>
    </Item14>
    <Item15>
      <Name Value="ds_filebrowser_ide"/>
      <Version Major="6" Minor="2" Release="1"/>
      <LastUsed Value="2018/10/10 22:12:46"/>
    </Item15>
    <Item16>
      <Name Value="ds_fpcfreevision_ide"/>
      <Version Major="6" Minor="3" Release="1"/>
      <LastUsed Value="2018/10/10 22:12:46"/>
    </Item16>
    <Item17>
      <Name Value="ds_fpcunit_ide"/>
      <Version Major="6" Minor="2" Release="1"/>
      <LastUsed Value="2018/10/10 22:12:46"/>
    </Item17>
    <Item18>
      <Name Value="ds_fpgui_ide"/>
      <Version Major="6" Minor="2" Release="1"/>
      <LastUsed Value="2018/10/10 22:12:46"/>
    </Item18>
    <Item19>
      <Name Value="ds_glassdocking_ide"/>
      <Version Major="6" Minor="6" Release="1"/>
      <LastUsed Value="2018/10/10 22:12:46"/>
    </Item19>
    <Item20>
      <Name Value="ds_inspector_ide"/>
      <Version Major="6" Minor="6" Release="1"/>
      <LastUsed Value="2018/10/10 22:12:46"/>
    </Item20>
    <Item21>
      <Name Value="ds_instantfpc_ide"/>
      <Version Major="6" Minor="2" Release="1"/>
      <LastUsed Value="2018/10/10 22:12:46"/>
    </Item21>
    <Item22>
      <Name Value="ds_pas2javascript_ide"/>
      <Version Major="6" Minor="6" Release="2"/>
      <LastUsed Value="2018/10/10 22:12:46"/>
    </Item22>
    <Item23>
      <Name Value="ds_printers_ide"/>
      <Version Major="6" Minor="2" Release="1"/>
      <LastUsed Value="2018/10/10 22:12:46"/>
    </Item23>
    <Item24>
      <Name Value="ds_projtemplates_ide"/>
      <Version Major="6" Minor="3" Release="1"/>
      <LastUsed Value="2018/10/10 22:12:46"/>
    </Item24>
    <Item25>
      <Name Value="ds_scout_ide"/>
      <Version Major="6" Minor="6" Release="1"/>
      <LastUsed Value="2018/10/10 20:18:56"/>
    </Item25>
    <Item26>
      <Name Value="ds_thread_ide"/>
      <Version Major="6" Minor="2" Release="1"/>
      <LastUsed Value="2018/10/10 22:12:46"/>
    </Item26>
    <Item27>
      <Name Value="ds_todolist_ide"/>
      <Version Major="6" Minor="6" Release="1"/>
      <LastUsed Value="2018/10/10 22:12:46"/>
    </Item27>
    <Item28>
      <Name Value="ds_zengl_ide"/>
      <Version Major="6" Minor="5" Release="1"/>
      <LastUsed Value="2018/10/10 22:12:46"/>
    </Item28>
    <Item29>
      <Name Value="lz_activex"/>
      <Version Major="6" Minor="2" Release="1"/>
      <LastUsed Value="2018/10/10 20:18:56"/>
    </Item29>
    <Item30>
      <Name Value="lz_basecontroldsgn"/>
      <Version Major="6" Minor="3" Release="1"/>
      <LastUsed Value="2018/10/10 22:12:46"/>
    </Item30>
    <Item31>
      <Name Value="lz_cairocanvas"/>
      <Version Major="6" Minor="2" Release="1"/>
      <LastUsed Value="2018/10/10 22:12:46"/>
    </Item31>
    <Item32>
      <Name Value="lz_chmhelp"/>
      <Version Major="6" Minor="2" Release="1"/>
      <LastUsed Value="2018/10/10 22:12:46"/>
    </Item32>
    <Item33>
      <Name Value="lz_cody"/>
      <Version Major="6" Minor="6" Release="1"/>
      <LastUsed Value="2018/10/10 22:12:46"/>
    </Item33>
    <Item34>
      <Name Value="lz_customdrawndsg"/>
      <Version Major="6" Minor="2" Release="1"/>
      <LastUsed Value="2018/10/10 22:12:46"/>
    </Item34>
    <Item35>
      <Name Value="lz_customforms"/>
      <Version Major="6" Minor="2" Release="1"/>
      <LastUsed Value="2018/10/10 22:12:46"/>
    </Item35>
    <Item36>
      <Name Value="lz_daemon"/>
      <Version Major="6" Minor="2" Release="1"/>
      <LastUsed Value="2018/10/10 22:12:46"/>
    </Item36>
    <Item37>
      <Name Value="lz_datadict"/>
      <Version Major="6" Minor="6" Release="1"/>
      <LastUsed Value="2018/10/10 22:12:46"/>
    </Item37>
    <Item38>
      <Name Value="lz_datetimectrls"/>
      <Version Major="6" Minor="6" Release="1"/>
      <LastUsed Value="2018/10/10 22:12:46"/>
    </Item38>
    <Item39>
      <Name Value="lz_dbexport"/>
      <Version Major="6" Minor="2" Release="1"/>
      <LastUsed Value="2018/10/10 22:12:46"/>
    </Item39>
    <Item40>
      <Name Value="lz_debuggerfp"/>
      <Version Major="6" Minor="6" Release="1"/>
      <LastUsed Value="2018/10/10 22:12:46"/>
    </Item40>
    <Item41>
      <Name Value="lz_debuggerlldb"/>
      <Version Major="6" Minor="6" Release="1"/>
      <LastUsed Value="2018/10/10 22:12:46"/>
    </Item41>
    <Item42>
      <Name Value="lz_externhelp"/>
      <Version Major="6" Minor="6" Release="1"/>
      <LastUsed Value="2018/10/10 22:12:46"/>
    </Item42>
    <Item43>
      <Name Value="lz_fpvectorial"/>
      <Version Major="6" Minor="2" Release="1"/>
      <LastUsed Value="2018/10/10 22:12:46"/>
    </Item43>
    <Item44>
      <Name Value="lz_fpweb"/>
      <Version Major="6" Minor="6" Release="1"/>
      <LastUsed Value="2018/10/10 22:12:46"/>
    </Item44>
    <Item45>
      <Name Value="lz_h2pas"/>
      <Version Major="6" Minor="2" Release="1"/>
      <LastUsed Value="2018/10/10 22:12:46"/>
    </Item45>
    <Item46>
      <Name Value="lz_images"/>
      <Version Major="6" Minor="2" Release="1"/>
      <LastUsed Value="2018/10/10 22:12:46"/>
    </Item46>
    <Item47>
      <Name Value="lz_industrial"/>
      <Version Major="6" Minor="2" Release="1"/>
      <LastUsed Value="2018/10/10 22:12:46"/>
    </Item47>
    <Item48>
      <Name Value="lz_jcf2"/>
      <Version Major="6" Minor="6" Release="1"/>
      <LastUsed Value="2018/10/10 22:12:46"/>
    </Item48>
    <Item49>
      <Name Value="lz_leakview"/>
      <Version Major="6" Minor="6" Release="1"/>
      <LastUsed Value="2018/10/10 22:12:46"/>
    </Item49>
    <Item50>
      <Name Value="lz_macroscript"/>
      <Version Major="6" Minor="6" Release="1"/>
      <LastUsed Value="2018/10/10 22:12:46"/>
    </Item50>
    <Item51>
      <Name Value="lz_memds"/>
      <Version Major="6" Minor="2" Release="1"/>
      <LastUsed Value="2018/10/10 22:12:46"/>
    </Item51>
    <Item52>
      <Name Value="lz_messagecomposer"/>
      <Version Major="6" Minor="6" Release="1"/>
      <LastUsed Value="2018/10/10 22:12:46"/>
    </Item52>
    <Item53>
      <Name Value="lz_mouseandkeyinput"/>
      <Version Major="6" Minor="2" Release="1"/>
      <LastUsed Value="2018/10/10 22:12:46"/>
    </Item53>
    <Item54>
      <Name Value="lz_mrumenu"/>
      <Version Major="6" Minor="5" Release="1"/>
      <LastUsed Value="2018/10/10 22:12:46"/>
    </Item54>
    <Item55>
      <Name Value="lz_multithreadprocs"/>
      <Version Major="6" Minor="2" Release="1"/>
      <LastUsed Value="2018/10/10 22:12:46"/>
    </Item55>
    <Item56>
      <Name Value="lz_opengl"/>
      <Version Major="6" Minor="6" Release="1"/>
      <LastUsed Value="2018/10/10 22:12:46"/>
    </Item56>
    <Item57>
      <Name Value="lz_plotfunction"/>
      <Version Major="6" Minor="3" Release="1"/>
      <LastUsed Value="2018/10/10 22:12:46"/>
    </Item57>
    <Item58>
      <Name Value="lz_pochecker"/>
      <Version Major="6" Minor="5" Release="1"/>
      <LastUsed Value="2018/10/10 22:12:46"/>
    </Item58>
    <Item59>
      <Name Value="lz_printers"/>
      <Version Major="6" Minor="6" Release="1"/>
      <LastUsed Value="2018/10/10 22:12:46"/>
    </Item59>
    <Item60>
      <Name Value="lz_report"/>
      <Version Major="6" Minor="6" Release="1"/>
      <LastUsed Value="2018/10/10 22:12:46"/>
    </Item60>
    <Item61>
      <Name Value="lz_reportaddfunction"/>
      <Version Major="6" Minor="4" Release="1"/>
      <LastUsed Value="2018/10/10 22:12:46"/>
    </Item61>
    <Item62>
      <Name Value="lz_reportcodereport"/>
      <Version Major="6" Minor="4" Release="1"/>
      <LastUsed Value="2018/10/10 22:12:46"/>
    </Item62>
    <Item63>
      <Name Value="lz_reportdialogcontrols"/>
      <Version Major="6" Minor="4" Release="1"/>
      <LastUsed Value="2018/10/10 22:12:46"/>
    </Item63>
    <Item64>
      <Name Value="lz_reportemailexport"/>
      <Version Major="6" Minor="4" Release="1"/>
      <LastUsed Value="2018/10/10 22:12:46"/>
    </Item64>
    <Item65>
      <Name Value="lz_reportimgexport"/>
      <Version Major="6" Minor="4" Release="1"/>
      <LastUsed Value="2018/10/10 22:12:46"/>
    </Item65>
    <Item66>
      <Name Value="lz_reportofficeimport"/>
      <Version Major="6" Minor="4" Release="1"/>
      <LastUsed Value="2018/10/10 22:12:46"/>
    </Item66>
    <Item67>
      <Name Value="lz_reportpdfexport"/>
      <Version Major="6" Minor="6" Release="1"/>
      <LastUsed Value="2018/10/10 22:12:46"/>
    </Item67>
    <Item68>
      <Name Value="lz_reportspreadsheetexport"/>
      <Version Major="6" Minor="4" Release="1"/>
      <LastUsed Value="2018/10/10 22:12:46"/>
    </Item68>
    <Item69>
      <Name Value="lz_reportsqldb"/>
      <Version Major="6" Minor="4" Release="1"/>
      <LastUsed Value="2018/10/10 22:12:46"/>
    </Item69>
    <Item70>
      <Name Value="lz_reporttdbf"/>
      <Version Major="6" Minor="4" Release="1"/>
      <LastUsed Value="2018/10/10 22:12:46"/>
    </Item70>
    <Item71>
      <Name Value="lz_reportzeosdb"/>
      <Version Major="6" Minor="4" Release="1"/>
      <LastUsed Value="2018/10/10 22:12:46"/>
    </Item71>
    <Item72>
      <Name Value="lz_rtticontrols"/>
      <Version Major="6" Minor="4" Release="1"/>
      <LastUsed Value="2018/10/10 22:12:46"/>
    </Item72>
    <Item73>
      <Name Value="lz_sdf"/>
      <Version Major="6" Minor="2" Release="1"/>
      <LastUsed Value="2018/10/10 22:12:46"/>
    </Item73>
    <Item74>
      <Name Value="lz_sqldb"/>
      <Version Major="6" Release="1"/>
      <LastUsed Value="2018/10/10 22:12:46"/>
    </Item74>
    <Item75>
      <Name Value="lz_sqlite3"/>
      <Version Major="6" Minor="5" Release="1"/>
      <LastUsed Value="2018/10/10 22:12:46"/>
    </Item75>
    <Item76>
      <Name Value="lz_syneditdsgn"/>
      <Version Major="6" Minor="2" Release="1"/>
      <LastUsed Value="2018/10/10 22:12:46"/>
    </Item76>
    <Item77>
      <Name Value="lz_syneditextra"/>
      <Version Major="6" Minor="5" Release="2"/>
      <LastUsed Value="2018/10/10 22:12:46"/>
    </Item77>
    <Item78>
      <Name Value="lz_synuni"/>
      <Version Major="6" Minor="6" Release="1"/>
      <LastUsed Value="2018/10/10 22:12:46"/>
    </Item78>
    <Item79>
      <Name Value="lz_tachart"/>
      <Version Major="6" Minor="6" Release="2"/>
      <LastUsed Value="2018/10/10 22:12:46"/>
    </Item79>
    <Item80>
      <Name Value="lz_tachartaggpas"/>
      <Version Major="6" Minor="2" Release="1"/>
      <LastUsed Value="2018/10/10 22:12:46"/>
    </Item80>
    <Item81>
      <Name Value="lz_tachartbgra"/>
      <Version Major="6" Minor="2" Release="1"/>
      <LastUsed Value="2018/10/10 22:12:46"/>
    </Item81>
    <Item82>
      <Name Value="lz_tachartprint"/>
      <Version Major="6" Minor="2" Release="1"/>
      <LastUsed Value="2018/10/10 22:12:46"/>
    </Item82>
    <Item83>
      <Name Value="lz_tachartvectorial"/>
      <Version Major="6" Minor="2" Release="1"/>
      <LastUsed Value="2018/10/10 22:12:46"/>
    </Item83>
    <Item84>
      <Name Value="lz_tacharwmf"/>
      <Version Major="6" Minor="2" Release="1"/>
      <LastUsed Value="2018/10/10 22:12:46"/>
    </Item84>
    <Item85>
      <Name Value="lz_tdbf"/>
      <Version Major="6" Minor="2" Release="1"/>
      <LastUsed Value="2018/10/10 22:12:46"/>
    </Item85>
    <Item86>
      <Name Value="lz_tpipro"/>
      <Version Major="6" Minor="6" Release="1"/>
      <LastUsed Value="2018/10/10 22:12:46"/>
    </Item86>
    <Item87>
      <Name Value="lz_tpiprodsgn"/>
      <Version Major="6" Minor="6" Release="1"/>
      <LastUsed Value="2018/10/10 22:12:46"/>
    </Item87>
    <Item88>
      <Name Value="lz_vlc"/>
      <Version Major="5" Minor="9" Release="1"/>
      <LastUsed Value="2018/10/10 22:12:46"/>
    </Item88>
    <Item89>
      <Name Value="pl_abbrevia"/>
      <Version Major="6" Minor="4" Release="1"/>
      <LastUsed Value="2018/10/10 20:18:56"/>
    </Item89>
    <Item90>
      <Name Value="pl_acs"/>
      <Version Major="6" Minor="2" Release="1"/>
      <LastUsed Value="2018/10/10 22:12:46"/>
    </Item90>
    <Item91>
      <Name Value="pl_aggpas"/>
      <Version Major="6" Minor="5" Release="1"/>
      <LastUsed Value="2018/10/10 22:12:46"/>
    </Item91>
    <Item92>
      <Name Value="pl_aggpasvs"/>
      <Version Major="6" Minor="5" Release="1"/>
      <LastUsed Value="2018/10/10 22:12:46"/>
    </Item92>
    <Item93>
      <Name Value="pl_asiovst"/>
      <Version Major="6" Minor="4" Release="1"/>
      <LastUsed Value="2018/10/10 22:12:46"/>
    </Item93>
    <Item94>
      <Name Value="pl_astronomy"/>
      <Version Major="5" Minor="7" Release="1"/>
      <LastUsed Value="2018/10/10 20:18:56"/>
    </Item94>
    <Item95>
      <Name Value="pl_barcodes"/>
      <Version Major="6" Minor="3" Release="1"/>
      <LastUsed Value="2018/10/10 22:12:46"/>
    </Item95>
    <Item96>
      <Name Value="pl_bgrabitmap"/>
      <Version Major="6" Minor="6" Release="2"/>
      <LastUsed Value="2018/10/10 22:12:46"/>
    </Item96>
    <Item97>
      <Name Value="pl_bgracontrols"/>
      <Version Major="6" Minor="6" Release="2"/>
      <LastUsed Value="2018/10/10 22:12:46"/>
    </Item97>
    <Item98>
      <Name Value="pl_bgrauecontrols"/>
      <Version Major="6" Minor="2" Release="1"/>
      <LastUsed Value="2018/10/10 22:12:46"/>
    </Item98>
    <Item99>
      <Name Value="pl_brook"/>
      <Version Major="6" Minor="6" Release="1"/>
      <LastUsed Value="2018/10/10 20:18:56"/>
    </Item99>
    <Item100>
      <Name Value="pl_cef"/>
      <Version Major="6" Minor="5" Release="1"/>
      <LastUsed Value="2018/10/10 22:12:46"/>
    </Item100>
    <Item101>
      <Name Value="pl_ceosmw"/>
      <Version Major="5" Minor="6" Release="2"/>
      <LastUsed Value="2018/10/10 20:18:56"/>
    </Item101>
    <Item102>
      <Name Value="pl_cgi"/>
      <Version Major="6" Minor="2" Release="1"/>
      <LastUsed Value="2018/10/10 22:12:46"/>
    </Item102>
    <Item103>
      <Name Value="pl_cindy"/>
      <Version Major="6" Minor="5" Release="1"/>
      <LastUsed Value="2018/10/10 22:12:46"/>
    </Item103>
    <Item104>
      <Name Value="pl_colorlib"/>
      <Version Major="6" Release="1"/>
      <LastUsed Value="2018/10/10 22:12:46"/>
    </Item104>
    <Item105>
      <Name Value="pl_dataport"/>
      <Version Major="6" Minor="5" Release="1"/>
      <LastUsed Value="2018/10/10 22:12:46"/>
    </Item105>
    <Item106>
      <Name Value="pl_dcp"/>
      <Version Major="6" Minor="2" Release="1"/>
      <LastUsed Value="2018/10/10 22:12:46"/>
    </Item106>
    <Item107>
      <Name Value="pl_eccontrols"/>
      <Version Major="6" Minor="5" Release="1"/>
      <LastUsed Value="2018/10/10 22:12:46"/>
    </Item107>
    <Item108>
      <Name Value="pl_excompress"/>
      <Version Major="6" Minor="3" Release="2"/>
      <LastUsed Value="2018/10/10 22:12:46"/>
    </Item108>
    <Item109>
      <Name Value="pl_excontrols"/>
      <Version Major="6" Minor="5" Release="1"/>
      <LastUsed Value="2018/10/10 22:12:46"/>
    </Item109>
    <Item110>
      <Name Value="pl_exdatabase"/>
      <Version Major="6" Minor="4" Release="1"/>
      <LastUsed Value="2018/10/10 22:12:46"/>
    </Item110>
    <Item111>
      <Name Value="pl_exdesign"/>
      <Version Major="6" Minor="6" Release="1"/>
      <LastUsed Value="2018/10/10 22:12:46"/>
    </Item111>
    <Item112>
      <Name Value="pl_exgeographic"/>
      <Version Major="6" Minor="4" Release="1"/>
      <LastUsed Value="2018/10/10 22:12:46"/>
    </Item112>
    <Item113>
      <Name Value="pl_exsystem"/>
      <Version Major="6" Minor="5" Release="1"/>
      <LastUsed Value="2018/10/10 22:12:46"/>
    </Item113>
    <Item114>
      <Name Value="pl_fbdataset"/>
      <Version Major="6" Minor="5" Release="1"/>
      <LastUsed Value="2018/10/10 22:12:46"/>
    </Item114>
    <Item115>
      <Name Value="pl_fortesreport"/>
      <Version Major="6" Minor="5" Release="1"/>
      <LastUsed Value="2018/10/10 22:12:46"/>
    </Item115>
    <Item116>
      <Name Value="pl_fpspreadsheet"/>
      <Version Major="6" Minor="6" Release="2"/>
      <LastUsed Value="2018/10/10 22:12:46"/>
    </Item116>
    <Item117>
      <Name Value="pl_freespider"/>
      <Version Major="5" Minor="9" Release="1"/>
      <LastUsed Value="2018/10/10 22:12:46"/>
    </Item117>
    <Item118>
      <Name Value="pl_fzcontrols"/>
      <Version Major="5" Minor="2" Release="1"/>
      <LastUsed Value="2018/10/10 22:12:46"/>
    </Item118>
    <Item119>
      <Name Value="pl_gaiagis"/>
      <Version Major="6" Minor="6" Release="1"/>
      <LastUsed Value="2018/10/10 22:12:46"/>
    </Item119>
    <Item120>
      <Name Value="pl_generics"/>
      <Version Major="6" Minor="6" Release="1"/>
      <LastUsed Value="2018/10/10 22:12:46"/>
    </Item120>
    <Item121>
      <Name Value="pl_geogis"/>
      <Version Major="6" Minor="2" Release="1"/>
      <LastUsed Value="2018/10/10 22:12:46"/>
    </Item121>
    <Item122>
      <Name Value="pl_glassdocking"/>
      <Version Major="6" Minor="3" Release="2"/>
      <LastUsed Value="2018/10/10 22:12:46"/>
    </Item122>
    <Item123>
      <Name Value="pl_glscene"/>
      <Version Major="6" Minor="6" Release="1"/>
      <LastUsed Value="2018/10/10 22:12:46"/>
    </Item123>
    <Item124>
      <Name Value="pl_graphics32"/>
      <Version Major="6" Minor="3" Release="3"/>
      <LastUsed Value="2018/10/10 22:12:46"/>
    </Item124>
    <Item125>
      <Name Value="pl_graphics32ext"/>
      <Version Major="6" Minor="3" Release="1"/>
      <LastUsed Value="2018/10/10 22:12:46"/>
    </Item125>
    <Item126>
      <Name Value="pl_graphics32mg"/>
      <Version Major="5" Minor="4" Release="1"/>
      <LastUsed Value="2018/10/10 22:12:46"/>
    </Item126>
    <Item127>
      <Name Value="pl_graphics32vpr"/>
      <Version Major="6" Minor="2" Release="1"/>
      <LastUsed Value="2018/10/10 22:12:46"/>
    </Item127>
    <Item128>
      <Name Value="pl_htmlviewer"/>
      <Version Major="6" Minor="6" Release="2"/>
      <LastUsed Value="2018/10/10 22:12:46"/>
    </Item128>
    <Item129>
      <Name Value="pl_indy"/>
      <Version Major="6" Minor="6" Release="2"/>
      <LastUsed Value="2018/10/10 22:12:46"/>
    </Item129>
    <Item130>
      <Name Value="pl_jujiboutils"/>
      <Version Major="6" Minor="2" Release="1"/>
      <LastUsed Value="2018/10/10 22:12:46"/>
    </Item130>
    <Item131>
      <Name Value="pl_jvcl"/>
      <Version Major="6" Minor="6" Release="2"/>
      <LastUsed Value="2018/10/10 22:12:46"/>
    </Item131>
    <Item132>
      <Name Value="pl_kcontrols"/>
      <Version Major="6" Minor="6" Release="1"/>
      <LastUsed Value="2018/10/10 22:12:46"/>
    </Item132>
    <Item133>
      <Name Value="pl_lclextensions"/>
      <Version Major="6" Minor="4" Release="1"/>
      <LastUsed Value="2018/10/10 22:12:46"/>
    </Item133>
    <Item134>
      <Name Value="pl_lnet"/>
      <Version Major="6" Minor="4" Release="1"/>
      <LastUsed Value="2018/10/10 22:12:46"/>
    </Item134>
    <Item135>
      <Name Value="pl_lockbox"/>
      <Version Major="6" Minor="2" Release="1"/>
      <LastUsed Value="2018/10/10 22:12:46"/>
    </Item135>
    <Item136>
      <Name Value="pl_luicontrols"/>
      <Version Major="6" Minor="6" Release="1"/>
      <LastUsed Value="2018/10/10 22:12:46"/>
    </Item136>
    <Item137>
      <Name Value="pl_mapviewer"/>
      <Version Major="6" Minor="3" Release="1"/>
      <LastUsed Value="2018/10/10 22:12:46"/>
    </Item137>
    <Item138>
      <Name Value="pl_onguard"/>
      <Version Major="6" Minor="4" Release="1"/>
      <LastUsed Value="2018/10/10 22:12:46"/>
    </Item138>
    <Item139>
      <Name Value="pl_opendocument"/>
      <Version Major="6" Minor="3" Release="1"/>
      <LastUsed Value="2018/10/10 22:12:46"/>
    </Item139>
    <Item140>
      <Name Value="pl_opengl"/>
      <Version Major="6" Minor="6" Release="2"/>
      <LastUsed Value="2018/10/10 22:12:46"/>
    </Item140>
    <Item141>
      <Name Value="pl_opengpsx"/>
      <Version Major="6" Minor="2" Release="1"/>
      <LastUsed Value="2018/10/10 22:12:46"/>
    </Item141>
    <Item142>
      <Name Value="pl_openweather"/>
      <Version Major="6" Minor="1" Release="1"/>
      <LastUsed Value="2018/10/10 22:12:46"/>
    </Item142>
    <Item143>
      <Name Value="pl_openwire"/>
      <Version Major="6" Minor="1" Release="1"/>
      <LastUsed Value="2018/10/10 22:12:46"/>
    </Item143>
    <Item144>
      <Name Value="pl_orca"/>
      <Version Major="6" Minor="5" Release="1"/>
      <LastUsed Value="2018/10/10 22:12:46"/>
    </Item144>
    <Item145>
      <Name Value="pl_orca3d"/>
      <Version Major="6" Minor="5" Release="1"/>
      <LastUsed Value="2018/10/10 22:12:46"/>
    </Item145>
    <Item146>
      <Name Value="pl_orpheus"/>
      <Version Major="6" Minor="1" Release="1"/>
      <LastUsed Value="2018/10/10 22:12:46"/>
    </Item146>
    <Item147>
      <Name Value="pl_pascalscada"/>
      <Version Major="6" Minor="6" Release="2"/>
      <LastUsed Value="2018/10/10 22:12:46"/>
    </Item147>
    <Item148>
      <Name Value="pl_pascalscript"/>
      <Version Major="6" Minor="5" Release="1"/>
      <LastUsed Value="2018/10/10 22:12:46"/>
    </Item148>
    <Item149>
      <Name Value="pl_pasdoc"/>
      <Version Major="6" Minor="6" Release="1"/>
      <LastUsed Value="2018/10/10 22:12:46"/>
    </Item149>
    <Item150>
      <Name Value="pl_powerpdf"/>
      <Version Major="6" Minor="2" Release="1"/>
      <LastUsed Value="2018/10/10 22:12:46"/>
    </Item150>
    <Item151>
      <Name Value="pl_rgbgraphics"/>
      <Version Major="6" Minor="2" Release="1"/>
      <LastUsed Value="2018/10/10 22:12:46"/>
    </Item151>
    <Item152>
      <Name Value="pl_richmemo"/>
      <Version Major="6" Minor="6" Release="1"/>
      <LastUsed Value="2018/10/10 22:12:46"/>
    </Item152>
    <Item153>
      <Name Value="pl_richview"/>
      <Version Major="6" Minor="5" Release="1"/>
      <LastUsed Value="2018/10/10 22:12:46"/>
    </Item153>
    <Item154>
      <Name Value="pl_rx"/>
      <Version Major="6" Minor="6" Release="2"/>
      <LastUsed Value="2018/10/10 22:12:46"/>
    </Item154>
    <Item155>
      <Name Value="pl_shapes"/>
      <Version Major="6" Minor="3" Release="1"/>
      <LastUsed Value="2018/10/10 22:12:46"/>
    </Item155>
    <Item156>
      <Name Value="pl_solutions"/>
      <Version Major="6" Minor="2" Release="1"/>
      <LastUsed Value="2018/10/10 22:12:46"/>
    </Item156>
    <Item157>
      <Name Value="pl_solutionsweb"/>
      <Version Major="5" Minor="3" Release="1"/>
      <LastUsed Value="2018/10/10 22:12:46"/>
    </Item157>
    <Item158>
      <Name Value="pl_spktoolbar"/>
      <Version Major="6" Minor="4" Release="2"/>
      <LastUsed Value="2018/10/10 22:12:46"/>
    </Item158>
    <Item159>
      <Name Value="pl_synapse"/>
      <Version Major="6" Minor="6" Release="1"/>
      <LastUsed Value="2018/10/10 22:12:46"/>
    </Item159>
    <Item160>
      <Name Value="pl_synapsevs"/>
      <Version Major="6" Minor="5" Release="1"/>
      <LastUsed Value="2018/10/10 22:12:46"/>
    </Item160>
    <Item161>
      <Name Value="pl_titanscript"/>
      <Version Major="6" Minor="5" Release="1"/>
      <LastUsed Value="2018/10/10 22:12:46"/>
    </Item161>
    <Item162>
      <Name Value="pl_titansound"/>
      <Version Major="6" Minor="4" Release="1"/>
      <LastUsed Value="2018/10/10 22:12:46"/>
    </Item162>
    <Item163>
      <Name Value="pl_uib"/>
      <Version Major="6" Minor="2" Release="1"/>
      <LastUsed Value="2018/10/10 22:12:46"/>
    </Item163>
    <Item164>
      <Name Value="pl_usercontrol"/>
      <Version Major="6" Minor="2" Release="1"/>
      <LastUsed Value="2018/10/10 22:12:46"/>
    </Item164>
    <Item165>
      <Name Value="pl_virtualtrees"/>
      <Version Major="6" Minor="4" Release="1"/>
      <LastUsed Value="2018/10/10 22:12:46"/>
    </Item165>
    <Item166>
      <Name Value="pl_virtualtreesextra"/>
      <Version Major="6" Release="1"/>
      <LastUsed Value="2018/10/10 22:12:46"/>
    </Item166>
    <Item167>
      <Name Value="pl_visualplanit"/>
      <Version Major="5" Minor="9" Release="1"/>
      <LastUsed Value="2018/10/10 22:12:46"/>
    </Item167>
    <Item168>
      <Name Value="pl_win_directx"/>
      <Version Major="6" Minor="2" Release="1"/>
      <LastUsed Value="2018/10/10 22:12:46"/>
    </Item168>
    <Item169>
      <Name Value="pl_win_directx11"/>
      <Version Major="6" Minor="2" Release="1"/>
      <LastUsed Value="2018/10/10 22:12:46"/>
    </Item169>
    <Item170>
      <Name Value="pl_win_dspack"/>
      <Version Major="6" Release="1"/>
      <LastUsed Value="2018/10/10 22:12:46"/>
    </Item170>
    <Item171>
      <Name Value="pl_win_gdi"/>
      <Version Major="6" Release="1"/>
      <LastUsed Value="2018/10/10 22:12:46"/>
    </Item171>
    <Item172>
      <Name Value="pl_win_midi"/>
      <Version Major="6" Minor="5" Release="1"/>
      <LastUsed Value="2018/10/10 22:12:46"/>
    </Item172>
    <Item173>
      <Name Value="pl_win_oledb"/>
      <Version Major="6" Minor="2" Release="1"/>
      <LastUsed Value="2018/10/10 22:12:46"/>
    </Item173>
    <Item174>
      <Name Value="pl_wst"/>
      <Version Major="6" Minor="3" Release="1"/>
      <LastUsed Value="2018/10/10 22:12:46"/>
    </Item174>
    <Item175>
      <Name Value="pl_xmlstreaming"/>
      <Version Major="5" Minor="6" Release="1"/>
      <LastUsed Value="2018/10/10 22:12:46"/>
    </Item175>
    <Item176>
      <Name Value="pl_zeosdbo"/>
      <Version Major="6" Minor="6" Release="2"/>
      <LastUsed Value="2018/10/10 22:12:46"/>
    </Item176>
    <Item177>
      <Name Value="pl_zmsql"/>
      <Version Major="6" Minor="6" Release="1"/>
      <LastUsed Value="2018/10/10 22:12:46"/>
    </Item177>
  </GlobalPkgLinks>
</CONFIG>
