<?xml version="1.0" encoding="UTF-8"?>
<CONFIG>
  <Lazarus>
    <ColorSchemes Version="11">
      <Names Count="1">
        <Item1 Value="Delphi_Atom"/>
      </Names>
      <Globals Version="11">
        <SchemeDelphi_Atom>
          <ahaGutter Background="clBlack"/>
          <ahaDefault Background="3419176" Foreground="13948116"/>
          <ahaErrorLine Background="5284095" Foreground="clBlack" BackPriority="500" ForePriority="500" FramePriority="500"/>
          <ahaMouseLink Foreground="clAqua" FrameColor="clAqua" FrameEdges="sfeBottom" BackPriority="2500" ForePriority="1500" FramePriority="7500"/>
          <ahaTextBlock Background="5325886" BackPriority="7000" ForePriority="7000" FramePriority="7000"/>
          <ahaWordGroup FrameColor="clRed" BackPriority="3000" ForePriority="3000" FramePriority="3000"/>
          <ahaFoldedCode Foreground="clSilver" FrameColor="clSilver" BackPriority="8000" ForePriority="8000" FramePriority="8000"/>
          <ahaLineNumber Foreground="clGray"/>
          <ahaRightMargin Foreground="clSilver"/>
          <ahaTopInfoHint Background="clPurple" Foreground="clYellow" FrameColor="clOlive" FrameStyle="slsDashed" BackPriority="8500" ForePriority="8500" FramePriority="8500"/>
          <ahaBracketMatch Background="clWhite" FrameColor="clAqua" FrameEdges="sfeBottom" Style="fsBold" BackPriority="3000" ForePriority="3000" FramePriority="3000" BackAlpha="20"/>
          <ahaHighlightAll Background="clYellow" BackPriority="4000" ForePriority="4000" FramePriority="4000"/>
          <ahaModifiedLine Foreground="clGreen" FrameColor="59900"/>
          <ahaHighlightWord Background="3158064" FrameColor="clSilver" BackPriority="3000" ForePriority="3000" FramePriority="3000"/>
          <ahaLineHighlight Background="3158064" BackPriority="500" ForePriority="500" FramePriority="500"/>
          <ahaSyncroEditCur FrameColor="clFuchsia" BackPriority="6000" ForePriority="6000" FramePriority="6000"/>
          <ahaExecutionPoint Background="clBlue" Foreground="clWhite" BackPriority="500" ForePriority="500" FramePriority="500"/>
          <ahaSyncroEditArea Background="clGray" BackPriority="2000" ForePriority="2000" FramePriority="2000"/>
          <ahaSyncroEditSync FrameColor="clRed" BackPriority="6000" ForePriority="6000" FramePriority="6000"/>
          <ahaCodeFoldingTree Foreground="clSilver"/>
          <ahaGutterSeparator Background="clBlack" Foreground="clGray"/>
          <ahaIfDefNodeActive BackPriority="9050" ForePriority="9050" FramePriority="9050"/>
          <ahaSyncroEditOther FrameColor="9744532" BackPriority="6000" ForePriority="6000" FramePriority="6000"/>
          <ahaTemplateEditCur FrameColor="clAqua" BackPriority="6000" ForePriority="6000" FramePriority="6000"/>
          <ahaIfDefBlockActive BackPriority="9000" ForePriority="9000" FramePriority="9000"/>
          <ahaTemplateEditSync FrameColor="clFuchsia" BackPriority="6000" ForePriority="6000" FramePriority="6000"/>
          <ahaEnabledBreakpoint Background="clRed" Foreground="clWhite" BackPriority="500" ForePriority="500" FramePriority="500"/>
          <ahaIfDefNodeInactive BackPriority="9150" ForePriority="9150" FramePriority="9150"/>
          <ahaIncrementalSearch Background="3199088" Foreground="clWhite" BackPriority="4000" ForePriority="4000" FramePriority="4000"/>
          <ahaInvalidBreakpoint Background="clOlive" Foreground="clGreen" BackPriority="500" ForePriority="500" FramePriority="500"/>
          <ahaTemplateEditOther FrameColor="clMaroon" BackPriority="6000" ForePriority="6000" FramePriority="6000"/>
          <ahaUnknownBreakpoint Background="clRed" Foreground="clBlack" BackPriority="500" ForePriority="500" FramePriority="500"/>
          <ahaDisabledBreakpoint Background="clLime" Foreground="clRed" BackPriority="500" ForePriority="500" FramePriority="500"/>
          <ahaIfDefBlockInactive Foreground="clBlack" BackPriority="9050" ForePriority="9050" FramePriority="9050" ForeAlpha="150"/>
          <ahaIfDefNodeTmpActive BackPriority="9050" ForePriority="9050" FramePriority="9050"/>
          <ahaIfDefBlockTmpActive BackPriority="9000" ForePriority="9000" FramePriority="9000"/>
          <ahaSpecialVisibleChars BackPriority="8100" ForePriority="8100" FramePriority="8100"/>
        </SchemeDelphi_Atom>
      </Globals>
      <LangObjectPascal Version="11">
        <SchemeDelphi_Atom>
          <ahaTextBlock Background="clWhite" Foreground="clBlack"/>
          <ahaLineNumber Foreground="clNone"/>
          <ahaBracketMatch Background="clNone" FrameColor="clNone" FrameEdges="sfeAround" BackAlpha="0"/>
          <ahaLineHighlight Background="clNone"/>
          <ahaGutterSeparator Background="clWhite"/>
          <ahaIfDefBlockInactive ForeAlpha="0"/>
          <Number Foreground="6527686"/>
          <String Foreground="8642190"/>
          <Symbol Foreground="clAqua"/>
          <Comment Foreground="7365468" Style="fsItalic" UseSchemeGlobals="False"/>
          <Assembler Foreground="3404810" UseSchemeGlobals="False"/>
          <Directive Foreground="65291" UseSchemeGlobals="False"/>
          <ahaDefault Background="clBlack" Foreground="clWhite"/>
          <Identifier Foreground="14933723"/>
          <Reserved_word Foreground="14514374" UseSchemeGlobals="False"/>
        </SchemeDelphi_Atom>
      </LangObjectPascal>
      <LangTyphon_Form_definition Version="11">
        <SchemeDelphi_Atom>
          <ahaDefault Background="clBlack" Foreground="clWhite"/>
          <ahaTextBlock Background="clWhite" Foreground="clBlack"/>
          <ahaLineNumber Foreground="clNone"/>
          <ahaBracketMatch Background="clNone" FrameColor="clNone" FrameEdges="sfeAround" BackAlpha="0"/>
          <ahaLineHighlight Background="clNone"/>
          <ahaGutterSeparator Background="clWhite"/>
          <ahaIfDefBlockInactive ForeAlpha="0"/>
        </SchemeDelphi_Atom>
      </LangTyphon_Form_definition>
      <LangXML_document Version="11">
        <SchemeDelphi_Atom>
          <Text Foreground="clBlack" Style="fsBold"/>
          <Symbol Foreground="clAqua"/>
          <Comment Foreground="clGray"/>
          <ahaDefault Background="clBlack" Foreground="clWhite"/>
          <ahaTextBlock Background="clWhite" Foreground="clBlack"/>
          <Element_Name Foreground="clMaroon" Style="fsBold"/>
          <ahaLineNumber Foreground="clNone"/>
          <CDATA_Section Foreground="clOlive" Style="fsItalic"/>
          <Attribute_Name Foreground="clMaroon"/>
          <ahaBracketMatch Background="clNone" FrameColor="clNone" FrameEdges="sfeAround" BackAlpha="0"/>
          <Attribute_Value Foreground="clNavy" Style="fsBold"/>
          <DOCTYPE_Section Foreground="clBlue" Style="fsItalic"/>
          <ahaLineHighlight Background="clNone"/>
          <Entity_Reference Foreground="clBlue" Style="fsBold"/>
          <ahaGutterSeparator Background="clWhite"/>
          <ahaIfDefBlockInactive ForeAlpha="0"/>
          <Processing_Instruction Foreground="clBlue"/>
          <Namespace_Attribute_Name Foreground="clRed"/>
          <Namespace_Attribute_Value Foreground="clRed" Style="fsBold"/>
        </SchemeDelphi_Atom>
      </LangXML_document>
      <LangHTML_document Version="11">
        <SchemeDelphi_Atom>
          <Asp Background="clYellow" Foreground="clBlack"/>
          <Value Foreground="16744448"/>
          <Symbol Foreground="clAqua"/>
          <Comment Foreground="clGray"/>
          <ahaDefault Background="clBlack" Foreground="clWhite"/>
          <Identifier Style="fsBold"/>
          <ahaTextBlock Background="clWhite" Foreground="clBlack"/>
          <Unknown_word Foreground="clRed" Style="fsBold"/>
          <ahaLineNumber Foreground="clNone"/>
          <Reserved_word Foreground="clAqua" Style="fsBold"/>
          <ahaBracketMatch Background="clNone" FrameColor="clNone" FrameEdges="sfeAround" BackAlpha="0"/>
          <ahaLineHighlight Background="clNone"/>
          <Escape_ampersand Foreground="clLime" Style="fsBold"/>
          <ahaGutterSeparator Background="clWhite"/>
          <ahaIfDefBlockInactive ForeAlpha="0"/>
        </SchemeDelphi_Atom>
      </LangHTML_document>
      <LangC__ Version="11">
        <SchemeDelphi_Atom>
          <Space Foreground="clWindow"/>
          <Number Foreground="clFuchsia"/>
          <String Foreground="clYellow"/>
          <Symbol Foreground="clAqua"/>
          <Comment Foreground="clGray"/>
          <Assembler Foreground="clLime"/>
          <ahaDefault Background="clBlack" Foreground="clWhite"/>
          <ahaTextBlock Background="clWhite" Foreground="clBlack"/>
          <Preprocessor Foreground="clGray"/>
          <ahaLineNumber Foreground="clNone"/>
          <Reserved_word Foreground="clAqua" Style="fsBold"/>
          <ahaBracketMatch Background="clNone" FrameColor="clNone" FrameEdges="sfeAround" BackAlpha="0"/>
          <ahaLineHighlight Background="clNone"/>
          <ahaGutterSeparator Background="clWhite"/>
          <ahaIfDefBlockInactive ForeAlpha="0"/>
        </SchemeDelphi_Atom>
      </LangC__>
      <LangPerl Version="11">
        <SchemeDelphi_Atom>
          <Space Foreground="clWindow"/>
          <Number Foreground="clFuchsia"/>
          <Pragma Style="fsBold"/>
          <String Foreground="clYellow"/>
          <Symbol Foreground="clAqua"/>
          <Comment Foreground="clGray"/>
          <Variable Style="fsBold"/>
          <ahaDefault Background="clBlack" Foreground="clWhite"/>
          <ahaTextBlock Background="clWhite" Foreground="clBlack"/>
          <ahaLineNumber Foreground="clNone"/>
          <Reserved_word Foreground="clAqua" Style="fsBold"/>
          <ahaBracketMatch Background="clNone" FrameColor="clNone" FrameEdges="sfeAround" BackAlpha="0"/>
          <ahaLineHighlight Background="clNone"/>
          <ahaGutterSeparator Background="clWhite"/>
          <ahaIfDefBlockInactive ForeAlpha="0"/>
        </SchemeDelphi_Atom>
      </LangPerl>
      <LangJava Version="11">
        <SchemeDelphi_Atom>
          <Space Foreground="clWindow"/>
          <Number Foreground="clFuchsia"/>
          <String Foreground="clYellow"/>
          <Symbol Foreground="clAqua"/>
          <Comment Foreground="clGray"/>
          <ahaDefault Background="clBlack" Foreground="clWhite"/>
          <ahaTextBlock Background="clWhite" Foreground="clBlack"/>
          <ahaLineNumber Foreground="clNone"/>
          <Documentation Foreground="clGray"/>
          <Reserved_word Foreground="clAqua" Style="fsBold"/>
          <ahaBracketMatch Background="clNone" FrameColor="clNone" FrameEdges="sfeAround" BackAlpha="0"/>
          <ahaLineHighlight Background="clNone"/>
          <ahaGutterSeparator Background="clWhite"/>
          <ahaIfDefBlockInactive ForeAlpha="0"/>
        </SchemeDelphi_Atom>
      </LangJava>
      <LangUNIX_Shell_Script Version="11">
        <SchemeDelphi_Atom>
          <Number Foreground="clFuchsia"/>
          <String Foreground="clYellow"/>
          <Symbol Foreground="clAqua"/>
          <Comment Foreground="clGray"/>
          <Variable Foreground="clPurple"/>
          <ahaDefault Background="clBlack" Foreground="clWhite"/>
          <ahaTextBlock Background="clWhite" Foreground="clBlack"/>
          <ahaLineNumber Foreground="clNone"/>
          <Reserved_word Foreground="clAqua" Style="fsBold"/>
          <ahaBracketMatch Background="clNone" FrameColor="clNone" FrameEdges="sfeAround" BackAlpha="0"/>
          <ahaLineHighlight Background="clNone"/>
          <ahaGutterSeparator Background="clWhite"/>
          <ahaIfDefBlockInactive ForeAlpha="0"/>
        </SchemeDelphi_Atom>
      </LangUNIX_Shell_Script>
      <LangPython Version="11">
        <SchemeDelphi_Atom>
          <Float Foreground="clBlue"/>
          <Octal Foreground="clBlue"/>
          <Number Foreground="clFuchsia"/>
          <String Foreground="clYellow"/>
          <Symbol Foreground="clAqua"/>
          <Comment Foreground="clGray"/>
          <ahaDefault Background="clBlack" Foreground="clWhite"/>
          <Hexadecimal Foreground="clBlue"/>
          <SyntaxError Foreground="clRed"/>
          <ahaTextBlock Background="clWhite" Foreground="clBlack"/>
          <ahaLineNumber Foreground="clNone"/>
          <Documentation Foreground="clGray"/>
          <Reserved_word Foreground="clAqua" Style="fsBold"/>
          <ahaBracketMatch Background="clNone" FrameColor="clNone" FrameEdges="sfeAround" BackAlpha="0"/>
          <ahaLineHighlight Background="clNone"/>
          <ahaGutterSeparator Background="clWhite"/>
          <Non_reserved_keyword Foreground="clNavy" Style="fsBold"/>
          <ahaIfDefBlockInactive ForeAlpha="0"/>
          <System_functions_and_variables Style="fsBold"/>
        </SchemeDelphi_Atom>
      </LangPython>
      <LangPHP Version="11">
        <SchemeDelphi_Atom>
          <Number Foreground="clFuchsia"/>
          <String Foreground="clYellow"/>
          <Symbol Foreground="clAqua"/>
          <Comment Foreground="clGray"/>
          <ahaDefault Background="clBlack" Foreground="clWhite"/>
          <ahaTextBlock Background="clWhite" Foreground="clBlack"/>
          <ahaLineNumber Foreground="clNone"/>
          <Reserved_word Foreground="clAqua" Style="fsBold"/>
          <ahaBracketMatch Background="clNone" FrameColor="clNone" FrameEdges="sfeAround" BackAlpha="0"/>
          <ahaLineHighlight Background="clNone"/>
          <ahaGutterSeparator Background="clWhite"/>
          <ahaIfDefBlockInactive ForeAlpha="0"/>
        </SchemeDelphi_Atom>
      </LangPHP>
      <LangSQL Version="11">
        <SchemeDelphi_Atom>
          <Number Foreground="clFuchsia"/>
          <String Foreground="clYellow"/>
          <Symbol Foreground="clAqua"/>
          <Comment Foreground="clGray"/>
          <Function Style="fsBold"/>
          <Data_type Style="fsBold"/>
          <Exception Style="fsItalic"/>
          <ahaDefault Background="clBlack" Foreground="clWhite"/>
          <ahaTextBlock Background="clWhite" Foreground="clBlack"/>
          <ahaLineNumber Foreground="clNone"/>
          <Reserved_word Foreground="clAqua" Style="fsBold"/>
          <ahaBracketMatch Background="clNone" FrameColor="clNone" FrameEdges="sfeAround" BackAlpha="0"/>
          <ahaLineHighlight Background="clNone"/>
          <Default_packages Style="fsBold"/>
          <SQL_Plus_command Style="fsBold"/>
          <ahaGutterSeparator Background="clWhite"/>
          <ahaIfDefBlockInactive ForeAlpha="0"/>
          <Reserved_word__PL_SQL_ Style="fsBold"/>
        </SchemeDelphi_Atom>
      </LangSQL>
      <LangJavascript Version="11">
        <SchemeDelphi_Atom>
          <Number Foreground="clFuchsia"/>
          <String Foreground="clYellow"/>
          <Symbol Foreground="clAqua"/>
          <Comment Foreground="clGray"/>
          <ahaDefault Background="clBlack" Foreground="clWhite"/>
          <ahaTextBlock Background="clWhite" Foreground="clBlack"/>
          <ahaLineNumber Foreground="clNone"/>
          <Reserved_word Foreground="clAqua" Style="fsBold"/>
          <ahaBracketMatch Background="clNone" FrameColor="clNone" FrameEdges="sfeAround" BackAlpha="0"/>
          <ahaLineHighlight Background="clNone"/>
          <ahaGutterSeparator Background="clWhite"/>
          <ahaIfDefBlockInactive ForeAlpha="0"/>
        </SchemeDelphi_Atom>
      </LangJavascript>
      <LangDiff_File Version="11">
        <SchemeDelphi_Atom>
          <ahaDefault Background="clBlack" Foreground="clWhite"/>
          <ahaTextBlock Background="clWhite" Foreground="clBlack"/>
          <Unknown_word Style="fsItalic"/>
          <ahaLineNumber Foreground="clNone"/>
          <Diff_New_File Background="clGreen" Style="fsBold"/>
          <ahaBracketMatch Background="clNone" FrameColor="clNone" FrameEdges="sfeAround" BackAlpha="0"/>
          <Diff_Added_line Foreground="clGreen"/>
          <ahaLineHighlight Background="clNone"/>
          <Diff_Changed_Line Foreground="clPurple"/>
          <Diff_Chunk_Marker Style="fsBold"/>
          <Diff_Removed_Line Foreground="clRed"/>
          <ahaGutterSeparator Background="clWhite"/>
          <Diff_Original_File Background="clRed" Style="fsBold"/>
          <ahaIfDefBlockInactive ForeAlpha="0"/>
          <Diff_Chunk_Line_Counts Foreground="clPurple" Style="fsBold"/>
          <Diff_Chunk_New_Line_Count Foreground="clGreen" Style="fsBold"/>
          <Diff_Chunk_Original_Line_Count Foreground="clRed" Style="fsBold"/>
        </SchemeDelphi_Atom>
      </LangDiff_File>
      <LangMS_DOS_batch_language Version="11">
        <SchemeDelphi_Atom>
          <Key Style="fsBold"/>
          <Number Foreground="clFuchsia"/>
          <Comment Foreground="clNavy" Style="fsItalic"/>
          <Variable Foreground="clGreen"/>
          <ahaDefault Background="clBlack" Foreground="clWhite"/>
          <ahaTextBlock Background="clWhite" Foreground="clBlack"/>
          <ahaLineNumber Foreground="clNone"/>
          <ahaBracketMatch Background="clNone" FrameColor="clNone" FrameEdges="sfeAround" BackAlpha="0"/>
          <ahaLineHighlight Background="clNone"/>
          <ahaGutterSeparator Background="clWhite"/>
          <ahaIfDefBlockInactive ForeAlpha="0"/>
        </SchemeDelphi_Atom>
      </LangMS_DOS_batch_language>
      <LangINI_file Version="11">
        <SchemeDelphi_Atom>
          <Number Foreground="clFuchsia"/>
          <Comment Foreground="clGreen" Style="fsItalic"/>
          <Section Style="fsBold"/>
          <ahaDefault Background="clBlack" Foreground="clWhite"/>
          <ahaTextBlock Background="clWhite" Foreground="clBlack"/>
          <ahaLineNumber Foreground="clNone"/>
          <ahaBracketMatch Background="clNone" FrameColor="clNone" FrameEdges="sfeAround" BackAlpha="0"/>
          <ahaLineHighlight Background="clNone"/>
          <ahaGutterSeparator Background="clWhite"/>
          <ahaIfDefBlockInactive ForeAlpha="0"/>
        </SchemeDelphi_Atom>
      </LangINI_file>
      <Langpo_language_files Version="11">
        <SchemeDelphi_Atom>
          <Key Style="fsBold"/>
          <Flags Foreground="clTeal"/>
          <String Foreground="clFuchsia"/>
          <Comment Foreground="clGreen" Style="fsItalic"/>
          <ahaDefault Background="clBlack" Foreground="clWhite"/>
          <Identifier Foreground="clGreen" Style="fsBold"/>
          <ahaTextBlock Background="clWhite" Foreground="clBlack"/>
          <ahaLineNumber Foreground="clNone"/>
          <Previous_value Foreground="clOlive" Style="fsItalic"/>
          <ahaBracketMatch Background="clNone" FrameColor="clNone" FrameEdges="sfeAround" BackAlpha="0"/>
          <ahaLineHighlight Background="clNone"/>
          <ahaGutterSeparator Background="clWhite"/>
          <ahaIfDefBlockInactive ForeAlpha="0"/>
        </SchemeDelphi_Atom>
      </Langpo_language_files>
      <LangPike Version="11">
        <SchemeDelphi_Atom>
          <ahaDefault Background="clBlack" Foreground="clWhite"/>
          <ahaTextBlock Background="clWhite" Foreground="clBlack"/>
          <ahaLineNumber Foreground="clNone"/>
          <ahaBracketMatch Background="clNone" FrameColor="clNone" FrameEdges="sfeAround" BackAlpha="0"/>
          <ahaLineHighlight Background="clNone"/>
          <ahaGutterSeparator Background="clWhite"/>
          <ahaIfDefBlockInactive ForeAlpha="0"/>
        </SchemeDelphi_Atom>
      </LangPike>
    </ColorSchemes>
  </Lazarus>
</CONFIG>
