<?xml version="1.0" encoding="UTF-8"?>
<CONFIG>
  <Lazarus>
    <ColorSchemes Version="11">
      <Names Count="1">
        <Item1 Value="Zct_black"/>
      </Names>
      <Globals Version="11">
        <SchemeZct_black>
          <ahaGutter Background="clBlack" Foreground="10066329"/>
          <ahaDefault Background="clBlack" Foreground="clWhite"/>
          <ahaErrorLine Background="clRed" Foreground="clWhite"/>
          <ahaMouseLink Foreground="6710886" FrameColor="6710886" FrameEdges="sfeBottom"/>
          <ahaTextBlock Background="3355443" Foreground="16766164"/>
          <ahaWordGroup FrameColor="clRed"/>
          <ahaFoldedCode Background="clBlack" Foreground="13408665" FrameColor="clSilver"/>
          <ahaLineNumber Background="clBlack" Foreground="10066329"/>
          <ahaRightMargin Background="clBlack" Foreground="clWhite"/>
          <ahaBracketMatch Style="fsBold"/>
          <ahaHighlightAll Background="3355443" Foreground="16766164"/>
          <ahaModifiedLine Background="clBlack" Foreground="clLime" FrameColor="59900"/>
          <ahaHighlightWord Background="15132390" FrameColor="clSilver"/>
          <ahaSyncroEditCur FrameColor="clFuchsia"/>
          <ahaExecutionPoint Background="10066380" Foreground="clBlack"/>
          <ahaSyncroEditArea Background="clMoneyGreen"/>
          <ahaSyncroEditSync FrameColor="clRed"/>
          <ahaCodeFoldingTree Background="clBlack" Foreground="clWhite"/>
          <ahaGutterSeparator Background="clBlack" Foreground="clWhite"/>
          <ahaSyncroEditOther FrameColor="9744532"/>
          <ahaTemplateEditCur FrameColor="clAqua"/>
          <ahaTemplateEditSync FrameColor="clFuchsia"/>
          <ahaEnabledBreakpoint Background="16762823" Foreground="clBlack"/>
          <ahaIncrementalSearch Background="clBlack" Foreground="16580045"/>
          <ahaInvalidBreakpoint Background="clGreen" Foreground="clWhite"/>
          <ahaTemplateEditOther FrameColor="clMaroon"/>
          <ahaUnknownBreakpoint Background="clGreen" Foreground="clWhite"/>
          <ahaDisabledBreakpoint Background="16762823" Foreground="clGray"/>
        </SchemeZct_black>
      </Globals>
      <LangObjectPascal Version="11">
        <SchemeZct_black>
          <Number Background="clBlack" Foreground="clRed"/>
          <String Background="clBlack" Foreground="1025024"/>
          <Symbol Background="clBlack" Foreground="clWhite"/>
          <Comment Background="clBlack" Foreground="6710886" Style="fsBold"/>
          <Assembler Background="clBlack" Foreground="clWhite"/>
          <Directive Background="clBlack" Foreground="clPurple" Style="fsBold"/>
          <Reserved_word Background="clBlack" Foreground="10066329" Style="fsBold"/>
        </SchemeZct_black>
      </LangObjectPascal>
      <LangTyphon_Form_definition Version="11"/>
      <LangXML_document Version="11">
        <SchemeZct_black>
          <Text Background="clBlack" Foreground="1025024" Style="fsBold"/>
          <Symbol Background="clBlack" Foreground="clWhite"/>
          <Comment Background="clBlack" Foreground="6710886" Style="fsBold"/>
          <Element_Name Background="clBlack" Foreground="1025024" Style="fsBold"/>
          <CDATA_Section Background="clBlack" Foreground="clWhite" Style="fsItalic"/>
          <Attribute_Name Background="clBlack" Foreground="clRed"/>
          <Attribute_Value Background="clBlack" Foreground="10066329" Style="fsBold"/>
          <DOCTYPE_Section Background="clBlack" Foreground="clPurple" Style="fsItalic"/>
          <Entity_Reference Background="clBlack" Foreground="clWhite" Style="fsBold"/>
          <Processing_Instruction Background="clBlack" Foreground="10066329"/>
          <Namespace_Attribute_Name Background="clBlack" Foreground="clRed"/>
          <Namespace_Attribute_Value Background="clBlack" Foreground="10066329" Style="fsBold"/>
        </SchemeZct_black>
      </LangXML_document>
      <LangHTML_document Version="11">
        <SchemeZct_black>
          <Asp Background="clYellow" Foreground="clBlack"/>
          <Value Foreground="16744448"/>
          <Symbol Foreground="clRed"/>
          <Comment Foreground="clBlue" Style="fsBold"/>
          <Identifier Style="fsBold"/>
          <Unknown_word Foreground="clRed" Style="fsBold"/>
          <Reserved_word Style="fsBold"/>
          <Escape_ampersand Foreground="clLime" Style="fsBold"/>
        </SchemeZct_black>
      </LangHTML_document>
      <LangC__ Version="11">
        <SchemeZct_black>
          <Space Background="clBlack" Foreground="clWhite"/>
          <Number Background="clBlack" Foreground="clRed"/>
          <String Background="clBlack" Foreground="1025024"/>
          <Symbol Background="clBlack" Foreground="clWhite"/>
          <Comment Background="clBlack" Foreground="6710886" Style="fsBold"/>
          <Assembler Background="clBlack" Foreground="clWhite"/>
          <Preprocessor Background="clBlack" Foreground="clPurple" Style="fsBold"/>
          <Reserved_word Background="clBlack" Foreground="10066329" Style="fsBold"/>
        </SchemeZct_black>
      </LangC__>
      <LangPerl Version="11">
        <SchemeZct_black>
          <Space Background="clBlack" Foreground="clWhite"/>
          <Number Background="clBlack" Foreground="clRed"/>
          <Pragma Background="clBlack" Foreground="clPurple" Style="fsBold"/>
          <String Background="clBlack" Foreground="1025024"/>
          <Symbol Background="clBlack" Foreground="clWhite"/>
          <Comment Background="clBlack" Foreground="6710886" Style="fsBold"/>
          <Variable Background="clBlack" Foreground="clPurple" Style="fsBold"/>
          <Reserved_word Background="clBlack" Foreground="10066329" Style="fsBold"/>
        </SchemeZct_black>
      </LangPerl>
      <LangJava Version="11">
        <SchemeZct_black>
          <Space Background="clBlack" Foreground="clWhite"/>
          <Number Background="clBlack" Foreground="clRed"/>
          <String Background="clBlack" Foreground="1025024"/>
          <Symbol Background="clBlack" Foreground="clWhite"/>
          <Comment Background="clBlack" Foreground="6710886" Style="fsBold"/>
          <Documentation Background="clBlack" Foreground="2606583" Style="fsBold"/>
          <Reserved_word Background="clBlack" Foreground="10066329" Style="fsBold"/>
        </SchemeZct_black>
      </LangJava>
      <LangUNIX_Shell_Script Version="11">
        <SchemeZct_black>
          <Number Background="clBlack" Foreground="clRed"/>
          <String Background="clBlack" Foreground="1025024"/>
          <Symbol Background="clBlack" Foreground="clWhite"/>
          <Comment Background="clBlack" Foreground="6710886" Style="fsBold"/>
          <Variable Background="clBlack" Foreground="clPurple"/>
          <Reserved_word Background="clBlack" Foreground="10066329" Style="fsBold"/>
        </SchemeZct_black>
      </LangUNIX_Shell_Script>
      <LangPython Version="11">
        <SchemeZct_black>
          <Float Background="clBlack" Foreground="clRed"/>
          <Octal Background="clBlack" Foreground="clRed"/>
          <Number Background="clBlack" Foreground="clRed"/>
          <String Background="clBlack" Foreground="1025024"/>
          <Symbol Background="clBlack" Foreground="clWhite"/>
          <Comment Background="clBlack" Foreground="6710886" Style="fsBold"/>
          <Hexadecimal Background="clBlack" Foreground="clRed"/>
          <SyntaxError Background="clBlack" Foreground="clWhite"/>
          <Documentation Background="clBlack" Foreground="2606583" Style="fsBold"/>
          <Reserved_word Background="clBlack" Foreground="10066329" Style="fsBold"/>
          <Non_reserved_keyword Background="clBlack" Foreground="clWhite" Style="fsBold"/>
          <System_functions_and_variables Background="clBlack" Foreground="2606583" Style="fsBold"/>
        </SchemeZct_black>
      </LangPython>
      <LangPHP Version="11">
        <SchemeZct_black>
          <Number Background="clBlack" Foreground="clRed"/>
          <String Background="clBlack" Foreground="1025024"/>
          <Symbol Background="clBlack" Foreground="clWhite"/>
          <Comment Background="clBlack" Foreground="6710886" Style="fsBold"/>
          <Reserved_word Background="clBlack" Foreground="10066329" Style="fsBold"/>
        </SchemeZct_black>
      </LangPHP>
      <LangSQL Version="11">
        <SchemeZct_black>
          <Number Background="clBlack" Foreground="clRed"/>
          <String Background="clBlack" Foreground="1025024"/>
          <Symbol Background="clBlack" Foreground="clWhite"/>
          <Comment Background="clBlack" Foreground="6710886" Style="fsBold"/>
          <Function Background="clBlack" Foreground="10066329" Style="fsBold"/>
          <Data_type Background="clBlack" Foreground="2606583" Style="fsBold"/>
          <Exception Background="clBlack" Foreground="clWhite" Style="fsItalic"/>
          <Reserved_word Background="clBlack" Foreground="10066329" Style="fsBold"/>
          <Default_packages Background="clBlack" Foreground="1025024" Style="fsBold"/>
          <SQL_Plus_command Background="clBlack" Foreground="clPurple" Style="fsBold"/>
          <Reserved_word__PL_SQL_ Background="clBlack" Foreground="10066329" Style="fsBold"/>
        </SchemeZct_black>
      </LangSQL>
      <LangJavascript Version="11">
        <SchemeZct_black>
          <Number Background="clBlack" Foreground="clRed"/>
          <String Background="clBlack" Foreground="1025024"/>
          <Symbol Background="clBlack" Foreground="clWhite"/>
          <Comment Background="clBlack" Foreground="6710886" Style="fsBold"/>
          <Reserved_word Background="clBlack" Foreground="10066329" Style="fsBold"/>
        </SchemeZct_black>
      </LangJavascript>
      <LangDiff_File Version="11">
        <SchemeZct_black>
          <Unknown_word Background="clGreen" Foreground="clWhite" Style="fsItalic"/>
          <Diff_New_File Background="clBlack" Foreground="clWhite" Style="fsBold"/>
          <Diff_Added_line Background="clBlack" Foreground="clBlack"/>
          <Diff_Changed_Line Background="clBlack" Foreground="clBlack"/>
          <Diff_Chunk_Marker Background="clBlack" Foreground="clWhite" Style="fsBold"/>
          <Diff_Removed_Line Background="clBlack" Foreground="clBlack"/>
          <Diff_Original_File Background="clBlack" Foreground="clRed" Style="fsBold"/>
          <Diff_Chunk_Line_Counts Background="clBlack" Foreground="clRed" Style="fsBold"/>
          <Diff_Chunk_New_Line_Count Background="clBlack" Foreground="clPurple" Style="fsBold"/>
          <Diff_Chunk_Original_Line_Count Background="clBlack" Foreground="1025024" Style="fsBold"/>
        </SchemeZct_black>
      </LangDiff_File>
      <LangMS_DOS_batch_language Version="11">
        <SchemeZct_black>
          <Key Background="clBlack" Foreground="10066329" Style="fsBold"/>
          <Number Background="clBlack" Foreground="clRed"/>
          <Comment Background="clBlack" Foreground="6710886" Style="fsItalic"/>
          <Variable Background="clBlack" Foreground="2606583"/>
        </SchemeZct_black>
      </LangMS_DOS_batch_language>
      <LangINI_file Version="11">
        <SchemeZct_black>
          <Comment Background="clBlack" Foreground="6710886" Style="fsItalic"/>
          <Section Background="clBlack" Foreground="10066329" Style="fsBold"/>
        </SchemeZct_black>
      </LangINI_file>
      <Langpo_language_files Version="11"/>
      <LangPike Version="11"/>
    </ColorSchemes>
  </Lazarus>
</CONFIG>
