<?xml version="1.0" encoding="UTF-8"?>
<CONFIG>
  <Lazarus>
    <ColorSchemes Version="11">
      <Names Count="1">
        <Item1 Value="Zct_solarizednight"/>
      </Names>
      <Globals Version="11">
        <SchemeZct_solarizednight>
          <ahaGutter Background="4339207"/>
          <ahaDefault Background="3549952" Foreground="10592659"/>
          <ahaErrorLine Background="131539" Foreground="clWhite" BackPriority="500" ForePriority="500" FramePriority="500"/>
          <ahaMouseLink Foreground="13798182" FrameColor="13798182" FrameEdges="sfeBottom" BackPriority="2500" ForePriority="1500" FramePriority="7500"/>
          <ahaTextBlock Background="7695960" BackPriority="7000" ForePriority="7000" FramePriority="7000"/>
          <ahaWordGroup FrameColor="7485139" BackPriority="3000" ForePriority="3000" FramePriority="3000"/>
          <ahaFoldedCode Background="8468179" Foreground="8468179" FrameColor="8468179" BackPriority="8000" ForePriority="8000" FramePriority="8000" FrameAlpha="255"/>
          <ahaLineNumber Foreground="8616549"/>
          <ahaRightMargin Foreground="clSilver"/>
          <ahaTopInfoHint Background="10002730" Foreground="clBlack" FrameColor="12874092" FrameStyle="slsDashed" FrameEdges="sfeBottom" BackPriority="8500" ForePriority="8500" FramePriority="8500"/>
          <ahaBracketMatch Background="8616805" BackPriority="3000" ForePriority="3000" FramePriority="3000"/>
          <ahaHighlightAll Background="clYellow" BackPriority="4000" ForePriority="4000" FramePriority="4000"/>
          <ahaModifiedLine Foreground="39301" FrameColor="35253"/>
          <ahaHighlightWord FrameColor="35253" BackPriority="3000" ForePriority="3000" FramePriority="3000"/>
          <ahaLineHighlight Background="4339207" BackPriority="500" ForePriority="500" FramePriority="500"/>
          <ahaSyncroEditCur FrameColor="8533715" BackPriority="6000" ForePriority="6000" FramePriority="6000"/>
          <ahaExecutionPoint Background="10066380" Foreground="clBlack" BackPriority="500" ForePriority="500" FramePriority="500"/>
          <ahaSyncroEditArea Background="16449510" BackPriority="2000" ForePriority="2000" FramePriority="2000"/>
          <ahaSyncroEditSync FrameColor="3093212" BackPriority="6000" ForePriority="6000" FramePriority="6000"/>
          <ahaCodeFoldingTree Foreground="8616549" FrameColor="8468179"/>
          <ahaGutterSeparator Foreground="clGray"/>
          <ahaIfDefNodeActive BackPriority="9050" ForePriority="9050" FramePriority="9050"/>
          <ahaSyncroEditOther FrameColor="clBlue" BackPriority="6000" ForePriority="6000" FramePriority="6000"/>
          <ahaTemplateEditCur FrameColor="10002730" BackPriority="6000" ForePriority="6000" FramePriority="6000"/>
          <ahaIfDefBlockActive BackPriority="9000" ForePriority="9000" FramePriority="9000"/>
          <ahaTemplateEditSync FrameColor="8533715" BackPriority="6000" ForePriority="6000" FramePriority="6000"/>
          <ahaEnabledBreakpoint Background="12939371" Foreground="clBlack" BackPriority="500" ForePriority="500" FramePriority="500"/>
          <ahaIfDefNodeInactive BackPriority="9150" ForePriority="9150" FramePriority="9150"/>
          <ahaIncrementalSearch Background="clBlack" Foreground="16580045" BackPriority="4000" ForePriority="4000" FramePriority="4000"/>
          <ahaInvalidBreakpoint Background="39302" Foreground="clWhite" BackPriority="500" ForePriority="500" FramePriority="500"/>
          <ahaTemplateEditOther FrameColor="clMaroon" BackPriority="6000" ForePriority="6000" FramePriority="6000"/>
          <ahaUnknownBreakpoint Background="13486335" Foreground="clBlack" BackPriority="500" ForePriority="500" FramePriority="500"/>
          <ahaDisabledBreakpoint Background="16762823" Foreground="clGray" BackPriority="500" ForePriority="500" FramePriority="500"/>
          <ahaIfDefBlockInactive Foreground="clSilver" BackPriority="9050" ForePriority="9050" FramePriority="9050" ForeAlpha="165"/>
          <ahaIfDefNodeTmpActive BackPriority="9050" ForePriority="9050" FramePriority="9050"/>
          <ahaIfDefBlockTmpActive BackPriority="9000" ForePriority="9000" FramePriority="9000"/>
          <ahaSpecialVisibleChars BackPriority="8100" ForePriority="8100" FramePriority="8100"/>
        </SchemeZct_solarizednight>
      </Globals>
      <LangObjectPascal Version="11">
        <SchemeZct_solarizednight>
          <ahaGutter Background="clBtnFace"/>
          <ahaErrorLine Background="clRed"/>
          <ahaMouseLink Foreground="clBlue" FrameColor="clBlue"/>
          <ahaTextBlock Background="10841427" Foreground="clWhite"/>
          <ahaWordGroup FrameColor="clRed"/>
          <ahaFoldedCode Background="clNone" Foreground="13408665" FrameColor="13408665" FrameAlpha="0"/>
          <ahaLineNumber Background="16053492" Foreground="13408665"/>
          <ahaTopInfoHint Background="clSkyBlue" FrameColor="clMaroon"/>
          <ahaBracketMatch Background="clAqua" FrameColor="13421782"/>
          <ahaModifiedLine Background="16053492" Foreground="clLime" FrameColor="clYellow"/>
          <ahaHighlightWord FrameColor="13421782"/>
          <ahaLineHighlight Background="15138810"/>
          <ahaSyncroEditCur FrameColor="clFuchsia"/>
          <ahaSyncroEditSync FrameColor="clRed"/>
          <ahaCodeFoldingTree Background="16053492" Foreground="13408665" FrameColor="clNone"/>
          <ahaGutterSeparator Background="clWhite"/>
          <ahaTemplateEditCur FrameColor="clAqua"/>
          <ahaTemplateEditSync FrameColor="clFuchsia"/>
          <ahaEnabledBreakpoint Background="16762823"/>
          <ahaInvalidBreakpoint Background="clGreen"/>
          <ahaUnknownBreakpoint Background="16762823"/>
          <ahaIfDefBlockInactive ForeAlpha="0"/>
          <Number Foreground="10068523"/>
          <String Foreground="10068523"/>
          <Symbol Foreground="3685854"/>
          <Comment Foreground="7695960" Style="fsItalic"/>
          <Directive Foreground="clTeal"/>
          <ahaDefault Background="clNone" Foreground="clNone"/>
          <IDE_Directive Foreground="13798182"/>
          <Reserved_word Foreground="39302" Style="fsBold"/>
        </SchemeZct_solarizednight>
      </LangObjectPascal>
      <LangTyphon_Form_definition Version="11">
        <SchemeZct_solarizednight>
          <ahaFoldedCode FrameAlpha="0"/>
          <ahaIfDefBlockInactive ForeAlpha="0"/>
        </SchemeZct_solarizednight>
      </LangTyphon_Form_definition>
      <LangXML_document Version="11">
        <SchemeZct_solarizednight>
          <Text Foreground="clBlack" Style="fsBold"/>
          <Comment Foreground="clGreen" Style="fsItalic"/>
          <ahaGutter Background="clBtnFace"/>
          <ahaDefault Background="clNone" Foreground="clNone"/>
          <ahaErrorLine Background="clRed"/>
          <ahaMouseLink Foreground="clBlue" FrameColor="clBlue"/>
          <ahaTextBlock Background="10841427" Foreground="clWhite"/>
          <ahaWordGroup FrameColor="clRed"/>
          <Element_Name Foreground="clMaroon" Style="fsBold"/>
          <ahaFoldedCode Background="clNone" Foreground="13408665" FrameColor="13408665" FrameAlpha="0"/>
          <ahaLineNumber Background="16053492" Foreground="13408665"/>
          <CDATA_Section Foreground="clOlive" Style="fsItalic"/>
          <ahaTopInfoHint Background="clSkyBlue" FrameColor="clMaroon"/>
          <Attribute_Name Foreground="clMaroon"/>
          <ahaBracketMatch Background="clAqua" FrameColor="13421782"/>
          <ahaModifiedLine Background="16053492" Foreground="clLime" FrameColor="clYellow"/>
          <Attribute_Value Foreground="clNavy" Style="fsBold"/>
          <DOCTYPE_Section Foreground="clBlue" Style="fsItalic"/>
          <ahaHighlightWord FrameColor="13421782"/>
          <ahaLineHighlight Background="15138810"/>
          <ahaSyncroEditCur FrameColor="clFuchsia"/>
          <Entity_Reference Foreground="clBlue" Style="fsBold"/>
          <ahaSyncroEditSync FrameColor="clRed"/>
          <ahaCodeFoldingTree Background="16053492" Foreground="13408665" FrameColor="clNone"/>
          <ahaGutterSeparator Background="clWhite"/>
          <ahaTemplateEditCur FrameColor="clAqua"/>
          <ahaTemplateEditSync FrameColor="clFuchsia"/>
          <ahaEnabledBreakpoint Background="16762823"/>
          <ahaInvalidBreakpoint Background="clGreen"/>
          <ahaUnknownBreakpoint Background="16762823"/>
          <ahaIfDefBlockInactive ForeAlpha="0"/>
          <Processing_Instruction Foreground="clBlue"/>
          <Namespace_Attribute_Name Foreground="clRed"/>
          <Namespace_Attribute_Value Foreground="clRed" Style="fsBold"/>
        </SchemeZct_solarizednight>
      </LangXML_document>
      <LangHTML_document Version="11">
        <SchemeZct_solarizednight>
          <Asp Background="clYellow" Foreground="clBlack"/>
          <Value Foreground="16744448"/>
          <Comment Foreground="clGreen" Style="fsItalic"/>
          <ahaGutter Background="clBtnFace"/>
          <ahaDefault Background="clNone" Foreground="clNone"/>
          <Identifier Style="fsBold"/>
          <ahaErrorLine Background="clRed"/>
          <ahaMouseLink Foreground="clBlue" FrameColor="clBlue"/>
          <ahaTextBlock Background="10841427" Foreground="clWhite"/>
          <ahaWordGroup FrameColor="clRed"/>
          <Unknown_word Foreground="clRed" Style="fsBold"/>
          <ahaFoldedCode Background="clNone" Foreground="13408665" FrameColor="13408665" FrameAlpha="0"/>
          <ahaLineNumber Background="16053492" Foreground="13408665"/>
          <Reserved_word Foreground="clNavy" Style="fsBold"/>
          <ahaTopInfoHint Background="clSkyBlue" FrameColor="clMaroon"/>
          <ahaBracketMatch Background="clAqua" FrameColor="13421782"/>
          <ahaModifiedLine Background="16053492" Foreground="clLime" FrameColor="clYellow"/>
          <ahaHighlightWord FrameColor="13421782"/>
          <ahaLineHighlight Background="15138810"/>
          <ahaSyncroEditCur FrameColor="clFuchsia"/>
          <Escape_ampersand Foreground="clLime" Style="fsBold"/>
          <ahaSyncroEditSync FrameColor="clRed"/>
          <ahaCodeFoldingTree Background="16053492" Foreground="13408665" FrameColor="clNone"/>
          <ahaGutterSeparator Background="clWhite"/>
          <ahaTemplateEditCur FrameColor="clAqua"/>
          <ahaTemplateEditSync FrameColor="clFuchsia"/>
          <ahaEnabledBreakpoint Background="16762823"/>
          <ahaInvalidBreakpoint Background="clGreen"/>
          <ahaUnknownBreakpoint Background="16762823"/>
          <ahaIfDefBlockInactive ForeAlpha="0"/>
        </SchemeZct_solarizednight>
      </LangHTML_document>
      <LangC__ Version="11">
        <SchemeZct_solarizednight>
          <Space Foreground="clWindow"/>
          <Number Foreground="clBlue"/>
          <String Foreground="clBlue"/>
          <Comment Foreground="clGreen" Style="fsItalic"/>
          <ahaGutter Background="clBtnFace"/>
          <Assembler Foreground="clBlack"/>
          <ahaDefault Background="clNone" Foreground="clNone"/>
          <ahaErrorLine Background="clRed"/>
          <ahaMouseLink Foreground="clBlue" FrameColor="clBlue"/>
          <ahaTextBlock Background="10841427" Foreground="clWhite"/>
          <ahaWordGroup FrameColor="clRed"/>
          <Preprocessor Foreground="clGreen" Style="fsItalic"/>
          <ahaFoldedCode Background="clNone" Foreground="13408665" FrameColor="13408665" FrameAlpha="0"/>
          <ahaLineNumber Background="16053492" Foreground="13408665"/>
          <Reserved_word Foreground="clNavy" Style="fsBold"/>
          <ahaTopInfoHint Background="clSkyBlue" FrameColor="clMaroon"/>
          <ahaBracketMatch Background="clAqua" FrameColor="13421782"/>
          <ahaModifiedLine Background="16053492" Foreground="clLime" FrameColor="clYellow"/>
          <ahaHighlightWord FrameColor="13421782"/>
          <ahaLineHighlight Background="15138810"/>
          <ahaSyncroEditCur FrameColor="clFuchsia"/>
          <ahaSyncroEditSync FrameColor="clRed"/>
          <ahaCodeFoldingTree Background="16053492" Foreground="13408665" FrameColor="clNone"/>
          <ahaGutterSeparator Background="clWhite"/>
          <ahaTemplateEditCur FrameColor="clAqua"/>
          <ahaTemplateEditSync FrameColor="clFuchsia"/>
          <ahaEnabledBreakpoint Background="16762823"/>
          <ahaInvalidBreakpoint Background="clGreen"/>
          <ahaUnknownBreakpoint Background="16762823"/>
          <ahaIfDefBlockInactive ForeAlpha="0"/>
        </SchemeZct_solarizednight>
      </LangC__>
      <LangPerl Version="11">
        <SchemeZct_solarizednight>
          <Space Foreground="clWindow"/>
          <Number Foreground="clBlue"/>
          <Pragma Style="fsBold"/>
          <String Foreground="clBlue"/>
          <Comment Foreground="clGreen" Style="fsItalic"/>
          <Variable Style="fsBold"/>
          <ahaGutter Background="clBtnFace"/>
          <ahaDefault Background="clNone" Foreground="clNone"/>
          <ahaErrorLine Background="clRed"/>
          <ahaMouseLink Foreground="clBlue" FrameColor="clBlue"/>
          <ahaTextBlock Background="10841427" Foreground="clWhite"/>
          <ahaWordGroup FrameColor="clRed"/>
          <ahaFoldedCode Background="clNone" Foreground="13408665" FrameColor="13408665" FrameAlpha="0"/>
          <ahaLineNumber Background="16053492" Foreground="13408665"/>
          <Reserved_word Foreground="clNavy" Style="fsBold"/>
          <ahaTopInfoHint Background="clSkyBlue" FrameColor="clMaroon"/>
          <ahaBracketMatch Background="clAqua" FrameColor="13421782"/>
          <ahaModifiedLine Background="16053492" Foreground="clLime" FrameColor="clYellow"/>
          <ahaHighlightWord FrameColor="13421782"/>
          <ahaLineHighlight Background="15138810"/>
          <ahaSyncroEditCur FrameColor="clFuchsia"/>
          <ahaSyncroEditSync FrameColor="clRed"/>
          <ahaCodeFoldingTree Background="16053492" Foreground="13408665" FrameColor="clNone"/>
          <ahaGutterSeparator Background="clWhite"/>
          <ahaTemplateEditCur FrameColor="clAqua"/>
          <ahaTemplateEditSync FrameColor="clFuchsia"/>
          <ahaEnabledBreakpoint Background="16762823"/>
          <ahaInvalidBreakpoint Background="clGreen"/>
          <ahaUnknownBreakpoint Background="16762823"/>
          <ahaIfDefBlockInactive ForeAlpha="0"/>
        </SchemeZct_solarizednight>
      </LangPerl>
      <LangJava Version="11">
        <SchemeZct_solarizednight>
          <Space Foreground="clWindow"/>
          <Number Foreground="clBlue"/>
          <String Foreground="clBlue"/>
          <Comment Foreground="clGreen" Style="fsItalic"/>
          <ahaGutter Background="clBtnFace"/>
          <ahaDefault Background="clNone" Foreground="clNone"/>
          <ahaErrorLine Background="clRed"/>
          <ahaMouseLink Foreground="clBlue" FrameColor="clBlue"/>
          <ahaTextBlock Background="10841427" Foreground="clWhite"/>
          <ahaWordGroup FrameColor="clRed"/>
          <ahaFoldedCode Background="clNone" Foreground="13408665" FrameColor="13408665" FrameAlpha="0"/>
          <ahaLineNumber Background="16053492" Foreground="13408665"/>
          <Documentation Foreground="clGreen" Style="fsItalic"/>
          <Reserved_word Foreground="clNavy" Style="fsBold"/>
          <ahaTopInfoHint Background="clSkyBlue" FrameColor="clMaroon"/>
          <ahaBracketMatch Background="clAqua" FrameColor="13421782"/>
          <ahaModifiedLine Background="16053492" Foreground="clLime" FrameColor="clYellow"/>
          <ahaHighlightWord FrameColor="13421782"/>
          <ahaLineHighlight Background="15138810"/>
          <ahaSyncroEditCur FrameColor="clFuchsia"/>
          <ahaSyncroEditSync FrameColor="clRed"/>
          <ahaCodeFoldingTree Background="16053492" Foreground="13408665" FrameColor="clNone"/>
          <ahaGutterSeparator Background="clWhite"/>
          <ahaTemplateEditCur FrameColor="clAqua"/>
          <ahaTemplateEditSync FrameColor="clFuchsia"/>
          <ahaEnabledBreakpoint Background="16762823"/>
          <ahaInvalidBreakpoint Background="clGreen"/>
          <ahaUnknownBreakpoint Background="16762823"/>
          <ahaIfDefBlockInactive ForeAlpha="0"/>
        </SchemeZct_solarizednight>
      </LangJava>
      <LangUNIX_Shell_Script Version="11">
        <SchemeZct_solarizednight>
          <Number Foreground="clBlue"/>
          <String Foreground="clBlue"/>
          <Comment Foreground="clGreen" Style="fsItalic"/>
          <Variable Foreground="clPurple"/>
          <ahaGutter Background="clBtnFace"/>
          <ahaDefault Background="clNone" Foreground="clNone"/>
          <ahaErrorLine Background="clRed"/>
          <ahaMouseLink Foreground="clBlue" FrameColor="clBlue"/>
          <ahaTextBlock Background="10841427" Foreground="clWhite"/>
          <ahaWordGroup FrameColor="clRed"/>
          <ahaFoldedCode Background="clNone" Foreground="13408665" FrameColor="13408665" FrameAlpha="0"/>
          <ahaLineNumber Background="16053492" Foreground="13408665"/>
          <Reserved_word Foreground="clNavy" Style="fsBold"/>
          <ahaTopInfoHint Background="clSkyBlue" FrameColor="clMaroon"/>
          <ahaBracketMatch Background="clAqua" FrameColor="13421782"/>
          <ahaModifiedLine Background="16053492" Foreground="clLime" FrameColor="clYellow"/>
          <ahaHighlightWord FrameColor="13421782"/>
          <ahaLineHighlight Background="15138810"/>
          <ahaSyncroEditCur FrameColor="clFuchsia"/>
          <ahaSyncroEditSync FrameColor="clRed"/>
          <ahaCodeFoldingTree Background="16053492" Foreground="13408665" FrameColor="clNone"/>
          <ahaGutterSeparator Background="clWhite"/>
          <ahaTemplateEditCur FrameColor="clAqua"/>
          <ahaTemplateEditSync FrameColor="clFuchsia"/>
          <ahaEnabledBreakpoint Background="16762823"/>
          <ahaInvalidBreakpoint Background="clGreen"/>
          <ahaUnknownBreakpoint Background="16762823"/>
          <ahaIfDefBlockInactive ForeAlpha="0"/>
        </SchemeZct_solarizednight>
      </LangUNIX_Shell_Script>
      <LangPython Version="11">
        <SchemeZct_solarizednight>
          <Float Foreground="clBlue"/>
          <Octal Foreground="clBlue"/>
          <Number Foreground="clBlue"/>
          <String Foreground="clBlue"/>
          <Comment Foreground="clGreen" Style="fsItalic"/>
          <ahaGutter Background="clBtnFace"/>
          <ahaDefault Background="clNone" Foreground="clNone"/>
          <Hexadecimal Foreground="clBlue"/>
          <SyntaxError Foreground="clRed"/>
          <ahaErrorLine Background="clRed"/>
          <ahaMouseLink Foreground="clBlue" FrameColor="clBlue"/>
          <ahaTextBlock Background="10841427" Foreground="clWhite"/>
          <ahaWordGroup FrameColor="clRed"/>
          <ahaFoldedCode Background="clNone" Foreground="13408665" FrameColor="13408665" FrameAlpha="0"/>
          <ahaLineNumber Background="16053492" Foreground="13408665"/>
          <Documentation Foreground="clGreen" Style="fsItalic"/>
          <Reserved_word Foreground="clNavy" Style="fsBold"/>
          <ahaTopInfoHint Background="clSkyBlue" FrameColor="clMaroon"/>
          <ahaBracketMatch Background="clAqua" FrameColor="13421782"/>
          <ahaModifiedLine Background="16053492" Foreground="clLime" FrameColor="clYellow"/>
          <ahaHighlightWord FrameColor="13421782"/>
          <ahaLineHighlight Background="15138810"/>
          <ahaSyncroEditCur FrameColor="clFuchsia"/>
          <ahaSyncroEditSync FrameColor="clRed"/>
          <ahaCodeFoldingTree Background="16053492" Foreground="13408665" FrameColor="clNone"/>
          <ahaGutterSeparator Background="clWhite"/>
          <ahaTemplateEditCur FrameColor="clAqua"/>
          <ahaTemplateEditSync FrameColor="clFuchsia"/>
          <ahaEnabledBreakpoint Background="16762823"/>
          <ahaInvalidBreakpoint Background="clGreen"/>
          <ahaUnknownBreakpoint Background="16762823"/>
          <Non_reserved_keyword Foreground="clNavy" Style="fsBold"/>
          <ahaIfDefBlockInactive ForeAlpha="0"/>
          <System_functions_and_variables Style="fsBold"/>
        </SchemeZct_solarizednight>
      </LangPython>
      <LangPHP Version="11">
        <SchemeZct_solarizednight>
          <Number Foreground="clBlue"/>
          <String Foreground="clBlue"/>
          <Comment Foreground="clGreen" Style="fsItalic"/>
          <ahaGutter Background="clBtnFace"/>
          <ahaDefault Background="clNone" Foreground="clNone"/>
          <ahaErrorLine Background="clRed"/>
          <ahaMouseLink Foreground="clBlue" FrameColor="clBlue"/>
          <ahaTextBlock Background="10841427" Foreground="clWhite"/>
          <ahaWordGroup FrameColor="clRed"/>
          <ahaFoldedCode Background="clNone" Foreground="13408665" FrameColor="13408665" FrameAlpha="0"/>
          <ahaLineNumber Background="16053492" Foreground="13408665"/>
          <Reserved_word Foreground="clNavy" Style="fsBold"/>
          <ahaTopInfoHint Background="clSkyBlue" FrameColor="clMaroon"/>
          <ahaBracketMatch Background="clAqua" FrameColor="13421782"/>
          <ahaModifiedLine Background="16053492" Foreground="clLime" FrameColor="clYellow"/>
          <ahaHighlightWord FrameColor="13421782"/>
          <ahaLineHighlight Background="15138810"/>
          <ahaSyncroEditCur FrameColor="clFuchsia"/>
          <ahaSyncroEditSync FrameColor="clRed"/>
          <ahaCodeFoldingTree Background="16053492" Foreground="13408665" FrameColor="clNone"/>
          <ahaGutterSeparator Background="clWhite"/>
          <ahaTemplateEditCur FrameColor="clAqua"/>
          <ahaTemplateEditSync FrameColor="clFuchsia"/>
          <ahaEnabledBreakpoint Background="16762823"/>
          <ahaInvalidBreakpoint Background="clGreen"/>
          <ahaUnknownBreakpoint Background="16762823"/>
          <ahaIfDefBlockInactive ForeAlpha="0"/>
        </SchemeZct_solarizednight>
      </LangPHP>
      <LangSQL Version="11">
        <SchemeZct_solarizednight>
          <Number Foreground="clBlue"/>
          <String Foreground="clBlue"/>
          <Comment Foreground="clGreen" Style="fsItalic"/>
          <Function Style="fsBold"/>
          <ahaGutter Background="clBtnFace"/>
          <Data_type Style="fsBold"/>
          <Exception Style="fsItalic"/>
          <ahaDefault Background="clNone" Foreground="clNone"/>
          <ahaErrorLine Background="clRed"/>
          <ahaMouseLink Foreground="clBlue" FrameColor="clBlue"/>
          <ahaTextBlock Background="10841427" Foreground="clWhite"/>
          <ahaWordGroup FrameColor="clRed"/>
          <ahaFoldedCode Background="clNone" Foreground="13408665" FrameColor="13408665" FrameAlpha="0"/>
          <ahaLineNumber Background="16053492" Foreground="13408665"/>
          <Reserved_word Foreground="clNavy" Style="fsBold"/>
          <ahaTopInfoHint Background="clSkyBlue" FrameColor="clMaroon"/>
          <ahaBracketMatch Background="clAqua" FrameColor="13421782"/>
          <ahaModifiedLine Background="16053492" Foreground="clLime" FrameColor="clYellow"/>
          <ahaHighlightWord FrameColor="13421782"/>
          <ahaLineHighlight Background="15138810"/>
          <ahaSyncroEditCur FrameColor="clFuchsia"/>
          <Default_packages Style="fsBold"/>
          <SQL_Plus_command Style="fsBold"/>
          <ahaSyncroEditSync FrameColor="clRed"/>
          <ahaCodeFoldingTree Background="16053492" Foreground="13408665" FrameColor="clNone"/>
          <ahaGutterSeparator Background="clWhite"/>
          <ahaTemplateEditCur FrameColor="clAqua"/>
          <ahaTemplateEditSync FrameColor="clFuchsia"/>
          <ahaEnabledBreakpoint Background="16762823"/>
          <ahaInvalidBreakpoint Background="clGreen"/>
          <ahaUnknownBreakpoint Background="16762823"/>
          <ahaIfDefBlockInactive ForeAlpha="0"/>
          <Reserved_word__PL_SQL_ Style="fsBold"/>
        </SchemeZct_solarizednight>
      </LangSQL>
      <LangJavascript Version="11">
        <SchemeZct_solarizednight>
          <Number Foreground="clBlue"/>
          <String Foreground="clBlue"/>
          <Comment Foreground="clGreen" Style="fsItalic"/>
          <ahaGutter Background="clBtnFace"/>
          <ahaDefault Background="clNone" Foreground="clNone"/>
          <ahaErrorLine Background="clRed"/>
          <ahaMouseLink Foreground="clBlue" FrameColor="clBlue"/>
          <ahaTextBlock Background="10841427" Foreground="clWhite"/>
          <ahaWordGroup FrameColor="clRed"/>
          <ahaFoldedCode Background="clNone" Foreground="13408665" FrameColor="13408665" FrameAlpha="0"/>
          <ahaLineNumber Background="16053492" Foreground="13408665"/>
          <Reserved_word Foreground="clNavy" Style="fsBold"/>
          <ahaTopInfoHint Background="clSkyBlue" FrameColor="clMaroon"/>
          <ahaBracketMatch Background="clAqua" FrameColor="13421782"/>
          <ahaModifiedLine Background="16053492" Foreground="clLime" FrameColor="clYellow"/>
          <ahaHighlightWord FrameColor="13421782"/>
          <ahaLineHighlight Background="15138810"/>
          <ahaSyncroEditCur FrameColor="clFuchsia"/>
          <ahaSyncroEditSync FrameColor="clRed"/>
          <ahaCodeFoldingTree Background="16053492" Foreground="13408665" FrameColor="clNone"/>
          <ahaGutterSeparator Background="clWhite"/>
          <ahaTemplateEditCur FrameColor="clAqua"/>
          <ahaTemplateEditSync FrameColor="clFuchsia"/>
          <ahaEnabledBreakpoint Background="16762823"/>
          <ahaInvalidBreakpoint Background="clGreen"/>
          <ahaUnknownBreakpoint Background="16762823"/>
          <ahaIfDefBlockInactive ForeAlpha="0"/>
        </SchemeZct_solarizednight>
      </LangJavascript>
      <LangDiff_File Version="11">
        <SchemeZct_solarizednight>
          <ahaGutter Background="clBtnFace"/>
          <ahaDefault Background="clNone" Foreground="clNone"/>
          <ahaErrorLine Background="clRed"/>
          <ahaMouseLink Foreground="clBlue" FrameColor="clBlue"/>
          <ahaTextBlock Background="10841427" Foreground="clWhite"/>
          <ahaWordGroup FrameColor="clRed"/>
          <Unknown_word Style="fsItalic"/>
          <ahaFoldedCode Background="clNone" Foreground="13408665" FrameColor="13408665" FrameAlpha="0"/>
          <ahaLineNumber Background="16053492" Foreground="13408665"/>
          <Diff_New_File Background="clGreen" Style="fsBold"/>
          <ahaTopInfoHint Background="clSkyBlue" FrameColor="clMaroon"/>
          <ahaBracketMatch Background="clAqua" FrameColor="13421782"/>
          <ahaModifiedLine Background="16053492" Foreground="clLime" FrameColor="clYellow"/>
          <Diff_Added_line Foreground="clGreen"/>
          <ahaHighlightWord FrameColor="13421782"/>
          <ahaLineHighlight Background="15138810"/>
          <ahaSyncroEditCur FrameColor="clFuchsia"/>
          <ahaSyncroEditSync FrameColor="clRed"/>
          <Diff_Changed_Line Foreground="clPurple"/>
          <Diff_Chunk_Marker Style="fsBold"/>
          <Diff_Removed_Line Foreground="clRed"/>
          <ahaCodeFoldingTree Background="16053492" Foreground="13408665" FrameColor="clNone"/>
          <ahaGutterSeparator Background="clWhite"/>
          <ahaTemplateEditCur FrameColor="clAqua"/>
          <Diff_Original_File Background="clRed" Style="fsBold"/>
          <ahaTemplateEditSync FrameColor="clFuchsia"/>
          <ahaEnabledBreakpoint Background="16762823"/>
          <ahaInvalidBreakpoint Background="clGreen"/>
          <ahaUnknownBreakpoint Background="16762823"/>
          <ahaIfDefBlockInactive ForeAlpha="0"/>
          <Diff_Chunk_Line_Counts Foreground="clPurple" Style="fsBold"/>
          <Diff_Chunk_New_Line_Count Foreground="clGreen" Style="fsBold"/>
          <Diff_Chunk_Original_Line_Count Foreground="clRed" Style="fsBold"/>
        </SchemeZct_solarizednight>
      </LangDiff_File>
      <LangMS_DOS_batch_language Version="11">
        <SchemeZct_solarizednight>
          <Key Style="fsBold"/>
          <Number Foreground="clBlue"/>
          <Comment Foreground="clNavy" Style="fsItalic"/>
          <Variable Foreground="clGreen"/>
          <ahaGutter Background="clBtnFace"/>
          <ahaDefault Background="clNone" Foreground="clNone"/>
          <ahaErrorLine Background="clRed"/>
          <ahaMouseLink Foreground="clBlue" FrameColor="clBlue"/>
          <ahaTextBlock Background="10841427" Foreground="clWhite"/>
          <ahaWordGroup FrameColor="clRed"/>
          <ahaFoldedCode Background="clNone" Foreground="13408665" FrameColor="13408665" FrameAlpha="0"/>
          <ahaLineNumber Background="16053492" Foreground="13408665"/>
          <ahaTopInfoHint Background="clSkyBlue" FrameColor="clMaroon"/>
          <ahaBracketMatch Background="clAqua" FrameColor="13421782"/>
          <ahaModifiedLine Background="16053492" Foreground="clLime" FrameColor="clYellow"/>
          <ahaHighlightWord FrameColor="13421782"/>
          <ahaLineHighlight Background="15138810"/>
          <ahaSyncroEditCur FrameColor="clFuchsia"/>
          <ahaSyncroEditSync FrameColor="clRed"/>
          <ahaCodeFoldingTree Background="16053492" Foreground="13408665" FrameColor="clNone"/>
          <ahaGutterSeparator Background="clWhite"/>
          <ahaTemplateEditCur FrameColor="clAqua"/>
          <ahaTemplateEditSync FrameColor="clFuchsia"/>
          <ahaEnabledBreakpoint Background="16762823"/>
          <ahaInvalidBreakpoint Background="clGreen"/>
          <ahaUnknownBreakpoint Background="16762823"/>
          <ahaIfDefBlockInactive ForeAlpha="0"/>
        </SchemeZct_solarizednight>
      </LangMS_DOS_batch_language>
      <LangINI_file Version="11">
        <SchemeZct_solarizednight>
          <Comment Foreground="clGreen" Style="fsItalic"/>
          <Section Style="fsBold"/>
          <ahaGutter Background="clBtnFace"/>
          <ahaDefault Background="clNone" Foreground="clNone"/>
          <ahaErrorLine Background="clRed"/>
          <ahaMouseLink Foreground="clBlue" FrameColor="clBlue"/>
          <ahaTextBlock Background="10841427" Foreground="clWhite"/>
          <ahaWordGroup FrameColor="clRed"/>
          <ahaFoldedCode Background="clNone" Foreground="13408665" FrameColor="13408665" FrameAlpha="0"/>
          <ahaLineNumber Background="16053492" Foreground="13408665"/>
          <ahaTopInfoHint Background="clSkyBlue" FrameColor="clMaroon"/>
          <ahaBracketMatch Background="clAqua" FrameColor="13421782"/>
          <ahaModifiedLine Background="16053492" Foreground="clLime" FrameColor="clYellow"/>
          <ahaHighlightWord FrameColor="13421782"/>
          <ahaLineHighlight Background="15138810"/>
          <ahaSyncroEditCur FrameColor="clFuchsia"/>
          <ahaSyncroEditSync FrameColor="clRed"/>
          <ahaCodeFoldingTree Background="16053492" Foreground="13408665" FrameColor="clNone"/>
          <ahaGutterSeparator Background="clWhite"/>
          <ahaTemplateEditCur FrameColor="clAqua"/>
          <ahaTemplateEditSync FrameColor="clFuchsia"/>
          <ahaEnabledBreakpoint Background="16762823"/>
          <ahaInvalidBreakpoint Background="clGreen"/>
          <ahaUnknownBreakpoint Background="16762823"/>
          <ahaIfDefBlockInactive ForeAlpha="0"/>
        </SchemeZct_solarizednight>
      </LangINI_file>
      <Langpo_language_files Version="11">
        <SchemeZct_solarizednight>
          <Key Style="fsBold"/>
          <Flags Foreground="clTeal"/>
          <String Foreground="clFuchsia"/>
          <Comment Foreground="clGreen" Style="fsItalic"/>
          <ahaGutter Background="clBtnFace"/>
          <ahaDefault Background="clNone" Foreground="clNone"/>
          <Identifier Foreground="clGreen" Style="fsBold"/>
          <ahaErrorLine Background="clRed"/>
          <ahaMouseLink Foreground="clBlue" FrameColor="clBlue"/>
          <ahaTextBlock Background="10841427" Foreground="clWhite"/>
          <ahaWordGroup FrameColor="clRed"/>
          <ahaFoldedCode Background="clNone" Foreground="13408665" FrameColor="13408665" FrameAlpha="0"/>
          <ahaLineNumber Background="16053492" Foreground="13408665"/>
          <ahaTopInfoHint Background="clSkyBlue" FrameColor="clMaroon"/>
          <Previous_value Foreground="clOlive" Style="fsItalic"/>
          <ahaBracketMatch Background="clAqua" FrameColor="13421782"/>
          <ahaModifiedLine Background="16053492" Foreground="clLime" FrameColor="clYellow"/>
          <ahaHighlightWord FrameColor="13421782"/>
          <ahaLineHighlight Background="15138810"/>
          <ahaSyncroEditCur FrameColor="clFuchsia"/>
          <ahaSyncroEditSync FrameColor="clRed"/>
          <ahaCodeFoldingTree Background="16053492" Foreground="13408665" FrameColor="clNone"/>
          <ahaGutterSeparator Background="clWhite"/>
          <ahaTemplateEditCur FrameColor="clAqua"/>
          <ahaTemplateEditSync FrameColor="clFuchsia"/>
          <ahaEnabledBreakpoint Background="16762823"/>
          <ahaInvalidBreakpoint Background="clGreen"/>
          <ahaUnknownBreakpoint Background="16762823"/>
          <ahaIfDefBlockInactive ForeAlpha="0"/>
        </SchemeZct_solarizednight>
      </Langpo_language_files>
      <LangPike Version="11">
        <SchemeZct_solarizednight>
          <ahaGutter Background="14018798"/>
          <ahaDefault Background="14939901" Foreground="8683626"/>
          <ahaTextBlock Background="12771047"/>
          <ahaFoldedCode FrameAlpha="0"/>
          <ahaTopInfoHint Background="clSkyBlue" FrameColor="clMaroon"/>
          <ahaBracketMatch Background="12503241" FrameColor="13421782"/>
          <ahaHighlightWord FrameColor="13421782"/>
          <ahaLineHighlight Background="14018798"/>
          <ahaIfDefBlockInactive ForeAlpha="0"/>
        </SchemeZct_solarizednight>
      </LangPike>
    </ColorSchemes>
  </Lazarus>
</CONFIG>
