<?xml version="1.0" encoding="UTF-8"?>
<CONFIG>
  <Lazarus>
    <ColorSchemes Version="11">
      <Names Count="1">
        <Item1 Value="Zct_bluelite"/>
      </Names>
      <Globals Version="11">
        <SchemeZct_bluelite>
          <ahaGutter Background="3479811" Foreground="13157313"/>
          <ahaDefault Background="3479811" Foreground="13157313"/>
          <ahaErrorLine Background="clRed" Foreground="clWhite"/>
          <ahaMouseLink Foreground="3708455" FrameColor="3708455" FrameEdges="sfeBottom"/>
          <ahaTextBlock Background="5718834" Foreground="33554432"/>
          <ahaWordGroup FrameColor="clRed"/>
          <ahaFoldedCode Background="clWhite" Foreground="13408665" FrameColor="clSilver"/>
          <ahaLineNumber Background="3479811" Foreground="13157313"/>
          <ahaRightMargin Background="15790320" Foreground="33554432"/>
          <ahaBracketMatch Style="fsBold"/>
          <ahaHighlightAll Background="5718834" Foreground="33554432"/>
          <ahaModifiedLine Background="clYellow" Foreground="clLime" FrameColor="59900"/>
          <ahaHighlightWord Background="15132390" FrameColor="clSilver"/>
          <ahaSyncroEditCur FrameColor="clFuchsia"/>
          <ahaExecutionPoint Background="10066380" Foreground="clBlack"/>
          <ahaSyncroEditArea Background="clMoneyGreen"/>
          <ahaSyncroEditSync FrameColor="clRed"/>
          <ahaCodeFoldingTree Background="3479811" Foreground="clGray"/>
          <ahaGutterSeparator Background="3479811" Foreground="clGray"/>
          <ahaSyncroEditOther FrameColor="9744532"/>
          <ahaTemplateEditCur FrameColor="clAqua"/>
          <ahaTemplateEditSync FrameColor="clFuchsia"/>
          <ahaEnabledBreakpoint Background="16762823" Foreground="clBlack"/>
          <ahaIncrementalSearch Background="5718834" Foreground="33554432"/>
          <ahaInvalidBreakpoint Background="clGreen" Foreground="clWhite"/>
          <ahaTemplateEditOther FrameColor="clMaroon"/>
          <ahaUnknownBreakpoint Background="clGreen" Foreground="clWhite"/>
          <ahaDisabledBreakpoint Background="16762823" Foreground="clGray"/>
        </SchemeZct_bluelite>
      </Globals>
      <LangObjectPascal Version="11">
        <SchemeZct_bluelite>
          <Number Background="3479811" Foreground="33554432"/>
          <String Background="3479811" Foreground="2729234"/>
          <Symbol Background="3479811" Foreground="13157313"/>
          <Comment Background="3479811" Foreground="clGray" Style="fsBold"/>
          <Assembler Background="3479811" Foreground="2256610" Style="fsBold"/>
          <Directive Background="3479811" Foreground="13157313" Style="fsBold"/>
          <Reserved_word Background="3479811" Foreground="1685667" Style="fsBold"/>
        </SchemeZct_bluelite>
      </LangObjectPascal>
      <LangTyphon_Form_definition Version="11"/>
      <LangXML_document Version="11">
        <SchemeZct_bluelite>
          <Text Background="3479811" Foreground="2729234" Style="fsBold"/>
          <Symbol Background="3479811" Foreground="13157313"/>
          <Comment Background="3479811" Foreground="clGray" Style="fsBold"/>
          <Element_Name Background="3479811" Foreground="2729234" Style="fsBold"/>
          <CDATA_Section Background="3479811" Foreground="13157313" Style="fsItalic"/>
          <Attribute_Name Background="3479811" Foreground="2256610"/>
          <Attribute_Value Background="3479811" Foreground="2729234" Style="fsBold"/>
          <DOCTYPE_Section Background="3479811" Foreground="13157313" Style="fsItalic"/>
          <Entity_Reference Background="3479811" Foreground="13157313" Style="fsBold"/>
          <Processing_Instruction Background="3479811" Foreground="1685667" Style="fsBold"/>
          <Namespace_Attribute_Name Background="3479811" Foreground="2256610"/>
          <Namespace_Attribute_Value Background="3479811" Foreground="2729234" Style="fsBold"/>
        </SchemeZct_bluelite>
      </LangXML_document>
      <LangHTML_document Version="11">
        <SchemeZct_bluelite>
          <Asp Background="clYellow" Foreground="clBlack"/>
          <Value Foreground="16744448"/>
          <Symbol Foreground="clRed"/>
          <Comment Foreground="clBlue" Style="fsBold"/>
          <Identifier Style="fsBold"/>
          <Unknown_word Foreground="clRed" Style="fsBold"/>
          <Reserved_word Style="fsBold"/>
          <Escape_ampersand Foreground="clLime" Style="fsBold"/>
        </SchemeZct_bluelite>
      </LangHTML_document>
      <LangC__ Version="11">
        <SchemeZct_bluelite>
          <Space Background="3479811" Foreground="13157313"/>
          <Number Background="3479811" Foreground="33554432"/>
          <String Background="3479811" Foreground="2729234"/>
          <Symbol Background="3479811" Foreground="13157313"/>
          <Comment Background="3479811" Foreground="clGray" Style="fsBold"/>
          <Assembler Background="3479811" Foreground="2256610" Style="fsBold"/>
          <Preprocessor Background="3479811" Foreground="13157313" Style="fsBold"/>
          <Reserved_word Background="3479811" Foreground="1685667" Style="fsBold"/>
        </SchemeZct_bluelite>
      </LangC__>
      <LangPerl Version="11">
        <SchemeZct_bluelite>
          <Space Background="3479811" Foreground="13157313"/>
          <Number Background="3479811" Foreground="33554432"/>
          <Pragma Background="3479811" Foreground="13157313" Style="fsBold"/>
          <String Background="3479811" Foreground="2729234"/>
          <Symbol Background="3479811" Foreground="13157313"/>
          <Comment Background="3479811" Foreground="clGray" Style="fsBold"/>
          <Variable Background="clWhite" Foreground="clPurple" Style="fsBold"/>
          <Reserved_word Background="3479811" Foreground="1685667" Style="fsBold"/>
        </SchemeZct_bluelite>
      </LangPerl>
      <LangJava Version="11">
        <SchemeZct_bluelite>
          <Space Background="3479811" Foreground="13157313"/>
          <Number Background="3479811" Foreground="33554432"/>
          <String Background="3479811" Foreground="2729234"/>
          <Symbol Background="3479811" Foreground="13157313"/>
          <Comment Background="3479811" Foreground="clGray" Style="fsBold"/>
          <Documentation Background="3479811" Foreground="13157313" Style="fsBold"/>
          <Reserved_word Background="3479811" Foreground="1685667" Style="fsBold"/>
        </SchemeZct_bluelite>
      </LangJava>
      <LangUNIX_Shell_Script Version="11">
        <SchemeZct_bluelite>
          <Number Background="3479811" Foreground="33554432"/>
          <String Background="3479811" Foreground="2729234"/>
          <Symbol Background="3479811" Foreground="13157313"/>
          <Comment Background="3479811" Foreground="clGray" Style="fsBold"/>
          <Variable Background="clWhite" Foreground="clPurple"/>
          <Reserved_word Background="3479811" Foreground="1685667" Style="fsBold"/>
        </SchemeZct_bluelite>
      </LangUNIX_Shell_Script>
      <LangPython Version="11">
        <SchemeZct_bluelite>
          <Float Background="3479811" Foreground="33554432"/>
          <Octal Background="3479811" Foreground="33554432"/>
          <Number Background="3479811" Foreground="33554432"/>
          <String Background="3479811" Foreground="2729234"/>
          <Symbol Background="3479811" Foreground="13157313"/>
          <Comment Background="3479811" Foreground="clGray" Style="fsBold"/>
          <Hexadecimal Background="3479811" Foreground="33554432"/>
          <SyntaxError Background="3479811" Foreground="412143"/>
          <Documentation Background="3479811" Foreground="13157313" Style="fsBold"/>
          <Reserved_word Background="3479811" Foreground="1685667" Style="fsBold"/>
          <Non_reserved_keyword Background="3479811" Foreground="13157313" Style="fsBold"/>
          <System_functions_and_variables Background="3479811" Foreground="13157313" Style="fsBold"/>
        </SchemeZct_bluelite>
      </LangPython>
      <LangPHP Version="11">
        <SchemeZct_bluelite>
          <Number Background="3479811" Foreground="33554432"/>
          <String Background="3479811" Foreground="2729234"/>
          <Symbol Background="3479811" Foreground="13157313"/>
          <Comment Background="3479811" Foreground="clGray" Style="fsBold"/>
          <Reserved_word Background="3479811" Foreground="1685667" Style="fsBold"/>
        </SchemeZct_bluelite>
      </LangPHP>
      <LangSQL Version="11">
        <SchemeZct_bluelite>
          <Number Background="3479811" Foreground="33554432"/>
          <String Background="3479811" Foreground="2729234"/>
          <Symbol Background="3479811" Foreground="13157313"/>
          <Comment Background="3479811" Foreground="clGray" Style="fsBold"/>
          <Function Background="3479811" Foreground="1685667" Style="fsBold"/>
          <Data_type Background="3479811" Foreground="13157313" Style="fsBold"/>
          <Exception Background="3479811" Foreground="412143" Style="fsItalic"/>
          <Reserved_word Background="3479811" Foreground="1685667" Style="fsBold"/>
          <Default_packages Background="3479811" Foreground="2729234" Style="fsBold"/>
          <SQL_Plus_command Background="clWhite" Foreground="clPurple" Style="fsBold"/>
          <Reserved_word__PL_SQL_ Background="3479811" Foreground="1685667" Style="fsBold"/>
        </SchemeZct_bluelite>
      </LangSQL>
      <LangJavascript Version="11">
        <SchemeZct_bluelite>
          <Number Background="3479811" Foreground="33554432"/>
          <String Background="3479811" Foreground="2729234"/>
          <Symbol Background="3479811" Foreground="13157313"/>
          <Comment Background="3479811" Foreground="clGray" Style="fsBold"/>
          <Reserved_word Background="3479811" Foreground="1685667" Style="fsBold"/>
        </SchemeZct_bluelite>
      </LangJavascript>
      <LangDiff_File Version="11">
        <SchemeZct_bluelite>
          <Unknown_word Background="clGreen" Foreground="clWhite" Style="fsItalic"/>
          <Diff_New_File Background="3479811" Foreground="13157313" Style="fsBold"/>
          <Diff_Added_line Background="13434828" Foreground="clBlack"/>
          <Diff_Changed_Line Background="11206655" Foreground="clBlack"/>
          <Diff_Chunk_Marker Background="3479811" Foreground="13157313" Style="fsBold"/>
          <Diff_Removed_Line Background="16762823" Foreground="clBlack"/>
          <Diff_Original_File Background="3479811" Foreground="2256610" Style="fsBold"/>
          <Diff_Chunk_Line_Counts Background="3479811" Foreground="33554432" Style="fsBold"/>
          <Diff_Chunk_New_Line_Count Background="3479811" Foreground="13157313" Style="fsBold"/>
          <Diff_Chunk_Original_Line_Count Background="3479811" Foreground="2729234" Style="fsBold"/>
        </SchemeZct_bluelite>
      </LangDiff_File>
      <LangMS_DOS_batch_language Version="11">
        <SchemeZct_bluelite>
          <Key Background="3479811" Foreground="1685667" Style="fsBold"/>
          <Number Background="3479811" Foreground="33554432"/>
          <Comment Background="3479811" Foreground="clGray" Style="fsItalic"/>
          <Variable Background="3479811" Foreground="13157313"/>
        </SchemeZct_bluelite>
      </LangMS_DOS_batch_language>
      <LangINI_file Version="11">
        <SchemeZct_bluelite>
          <Comment Background="3479811" Foreground="clGray" Style="fsItalic"/>
          <Section Background="3479811" Foreground="1685667" Style="fsBold"/>
        </SchemeZct_bluelite>
      </LangINI_file>
      <Langpo_language_files Version="11"/>
      <LangPike Version="11"/>
    </ColorSchemes>
  </Lazarus>
</CONFIG>
