<?xml version="1.0"?>
<CONFIG>
  <Lazarus>
    <ColorSchemes Version="6">
      <Names Count="1">
        <Item1 Value="Zct_nortonic"/>
      </Names>
      <Globals Version="6">
        <SchemeZct_nortonic>
          <ahaGutter Background="clBtnFace"/>
          <ahaDefault Background="clNavy" Foreground="clYellow"/>
          <ahaErrorLine Background="clMaroon" Foreground="clWhite"/>
          <ahaMouseLink Foreground="clBlue"/>
          <ahaTextBlock Background="clGray" Foreground="clWhite"/>
          <ahaWordGroup FrameColor="clRed"/>
          <ahaFoldedCode Foreground="clSilver" FrameColor="clSilver"/>
          <ahaLineNumber Foreground="clBtnShadow"/>
          <ahaRightMargin Foreground="clSilver"/>
          <ahaBracketMatch Style="fsBold"/>
          <ahaHighlightAll Background="clYellow"/>
          <ahaModifiedLine Foreground="clGreen" FrameColor="59900"/>
          <ahaHighlightWord FrameColor="clSilver"/>
          <ahaSyncroEditCur FrameColor="clFuchsia"/>
          <ahaExecutionPoint Background="clAqua" Foreground="clBlack"/>
          <ahaSyncroEditArea Background="clMoneyGreen"/>
          <ahaSyncroEditSync FrameColor="clRed"/>
          <ahaCodeFoldingTree Foreground="clSilver"/>
          <ahaGutterSeparator Background="clWhite" Foreground="clGray"/>
          <ahaSyncroEditOther FrameColor="9744532"/>
          <ahaTemplateEditCur FrameColor="clAqua"/>
          <ahaTemplateEditSync FrameColor="clFuchsia"/>
          <ahaEnabledBreakpoint Background="clRed" Foreground="clWhite"/>
          <ahaIncrementalSearch Background="3199088" Foreground="clWhite"/>
          <ahaInvalidBreakpoint Background="clOlive" Foreground="clLime"/>
          <ahaTemplateEditOther FrameColor="clMaroon"/>
          <ahaDisabledBreakpoint Background="clLime" Foreground="clRed"/>
        </SchemeZct_nortonic>
      </Globals>
      <LangObjectPascal Version="6">
        <SchemeZct_nortonic>
          <ahaTextBlock Background="clBlue"/>
          <ahaLineNumber Foreground="clNone"/>
          <Number Foreground="clFuchsia"/>
          <String Foreground="clGreen"/>
          <Symbol Foreground="clWhite"/>
          <Comment Foreground="clGray"/>
          <Assembler Foreground="clLime"/>
          <Directive Foreground="clSilver"/>
          <ahaDefault UseSchemeGlobals="False"/>
          <Reserved_word Foreground="clWhite"/>
        </SchemeZct_nortonic>
      </LangObjectPascal>
      <LangLazarus_Form_definition Version="6">
        <SchemeZct_nortonic>
          <Key Style="fsBold"/>
          <Number Foreground="clYellow"/>
          <String Foreground="clYellow"/>
          <Symbol Foreground="clYellow"/>
          <Comment Foreground="clSilver"/>
          <ahaTextBlock Background="clBlue"/>
          <ahaLineNumber Foreground="clNone"/>
        </SchemeZct_nortonic>
      </LangLazarus_Form_definition>
      <LangXML_document Version="6">
        <SchemeZct_nortonic>
          <Text Foreground="clBlack" Style="fsBold"/>
          <Symbol Foreground="clYellow"/>
          <Comment Foreground="clSilver"/>
          <ahaTextBlock Background="clBlue"/>
          <Element_Name Foreground="clMaroon" Style="fsBold"/>
          <ahaLineNumber Foreground="clNone"/>
          <CDATA_Section Foreground="clOlive" Style="fsItalic"/>
          <Attribute_Name Foreground="clMaroon"/>
          <Attribute_Value Foreground="clNavy" Style="fsBold"/>
          <DOCTYPE_Section Foreground="clBlue" Style="fsItalic"/>
          <Entity_Reference Foreground="clBlue" Style="fsBold"/>
          <Processing_Instruction Foreground="clBlue"/>
          <Namespace_Attribute_Name Foreground="clRed"/>
          <Namespace_Attribute_Value Foreground="clRed" Style="fsBold"/>
        </SchemeZct_nortonic>
      </LangXML_document>
      <LangHTML_document Version="6">
        <SchemeZct_nortonic>
          <Asp Background="clYellow" Foreground="clBlack"/>
          <Value Foreground="16744448"/>
          <Symbol Foreground="clYellow"/>
          <Comment Foreground="clSilver"/>
          <Identifier Style="fsBold"/>
          <ahaTextBlock Background="clBlue"/>
          <Unknown_word Foreground="clRed" Style="fsBold"/>
          <ahaLineNumber Foreground="clNone"/>
          <Reserved_word Foreground="clWhite"/>
          <Escape_ampersand Foreground="clLime" Style="fsBold"/>
        </SchemeZct_nortonic>
      </LangHTML_document>
      <LangC__ Version="6">
        <SchemeZct_nortonic>
          <Space Foreground="clWindow"/>
          <Number Foreground="clYellow"/>
          <String Foreground="clYellow"/>
          <Symbol Foreground="clYellow"/>
          <Comment Foreground="clSilver"/>
          <Assembler Foreground="clLime"/>
          <ahaTextBlock Background="clBlue"/>
          <Preprocessor Foreground="clSilver"/>
          <ahaLineNumber Foreground="clNone"/>
          <Reserved_word Foreground="clWhite"/>
        </SchemeZct_nortonic>
      </LangC__>
      <LangPerl Version="6">
        <SchemeZct_nortonic>
          <Space Foreground="clWindow"/>
          <Number Foreground="clYellow"/>
          <Pragma Style="fsBold"/>
          <String Foreground="clYellow"/>
          <Symbol Foreground="clYellow"/>
          <Comment Foreground="clSilver"/>
          <Variable Style="fsBold"/>
          <ahaTextBlock Background="clBlue"/>
          <ahaLineNumber Foreground="clNone"/>
          <Reserved_word Foreground="clWhite"/>
        </SchemeZct_nortonic>
      </LangPerl>
      <LangJava Version="6">
        <SchemeZct_nortonic>
          <Space Foreground="clWindow"/>
          <Number Foreground="clYellow"/>
          <String Foreground="clYellow"/>
          <Symbol Foreground="clYellow"/>
          <Comment Foreground="clSilver"/>
          <ahaTextBlock Background="clBlue"/>
          <ahaLineNumber Foreground="clNone"/>
          <Documentation Foreground="clSilver"/>
          <Reserved_word Foreground="clWhite"/>
        </SchemeZct_nortonic>
      </LangJava>
      <LangUNIX_Shell_Script Version="6">
        <SchemeZct_nortonic>
          <Number Foreground="clYellow"/>
          <String Foreground="clYellow"/>
          <Symbol Foreground="clYellow"/>
          <Comment Foreground="clSilver"/>
          <Variable Foreground="clPurple"/>
          <ahaTextBlock Background="clBlue"/>
          <ahaLineNumber Foreground="clNone"/>
          <Reserved_word Foreground="clWhite"/>
        </SchemeZct_nortonic>
      </LangUNIX_Shell_Script>
      <LangPython Version="6">
        <SchemeZct_nortonic>
          <Float Foreground="clBlue"/>
          <Octal Foreground="clBlue"/>
          <Number Foreground="clYellow"/>
          <String Foreground="clYellow"/>
          <Symbol Foreground="clYellow"/>
          <Comment Foreground="clSilver"/>
          <Hexadecimal Foreground="clBlue"/>
          <SyntaxError Foreground="clRed"/>
          <ahaTextBlock Background="clBlue"/>
          <ahaLineNumber Foreground="clNone"/>
          <Documentation Foreground="clSilver"/>
          <Reserved_word Foreground="clWhite"/>
          <Non_reserved_keyword Foreground="clNavy" Style="fsBold"/>
          <System_functions_and_variables Style="fsBold"/>
        </SchemeZct_nortonic>
      </LangPython>
      <LangPHP Version="6">
        <SchemeZct_nortonic>
          <Number Foreground="clYellow"/>
          <String Foreground="clYellow"/>
          <Symbol Foreground="clYellow"/>
          <Comment Foreground="clSilver"/>
          <ahaTextBlock Background="clBlue"/>
          <ahaLineNumber Foreground="clNone"/>
          <Reserved_word Foreground="clWhite"/>
        </SchemeZct_nortonic>
      </LangPHP>
      <LangSQL Version="6">
        <SchemeZct_nortonic>
          <Number Foreground="clYellow"/>
          <String Foreground="clYellow"/>
          <Symbol Foreground="clYellow"/>
          <Comment Foreground="clSilver"/>
          <Function Style="fsBold"/>
          <Data_type Style="fsBold"/>
          <Exception Style="fsItalic"/>
          <ahaTextBlock Background="clBlue"/>
          <ahaLineNumber Foreground="clNone"/>
          <Reserved_word Foreground="clWhite"/>
          <Default_packages Style="fsBold"/>
          <SQL_Plus_command Style="fsBold"/>
          <Reserved_word__PL_SQL_ Style="fsBold"/>
        </SchemeZct_nortonic>
      </LangSQL>
      <LangJavascript Version="6">
        <SchemeZct_nortonic>
          <Number Foreground="clYellow"/>
          <String Foreground="clYellow"/>
          <Symbol Foreground="clYellow"/>
          <Comment Foreground="clSilver"/>
          <ahaTextBlock Background="clBlue"/>
          <ahaLineNumber Foreground="clNone"/>
          <Reserved_word Foreground="clWhite"/>
        </SchemeZct_nortonic>
      </LangJavascript>
      <LangDiff_File Version="6">
        <SchemeZct_nortonic>
          <ahaTextBlock Background="clBlue"/>
          <Unknown_word Style="fsItalic"/>
          <ahaLineNumber Foreground="clNone"/>
          <Diff_New_File Background="clGreen" Style="fsBold"/>
          <Diff_Added_line Foreground="clGreen"/>
          <Diff_Changed_Line Foreground="clPurple"/>
          <Diff_Chunk_Marker Style="fsBold"/>
          <Diff_Removed_Line Foreground="clRed"/>
          <Diff_Original_File Background="clRed" Style="fsBold"/>
          <Diff_Chunk_Line_Counts Foreground="clPurple" Style="fsBold"/>
          <Diff_Chunk_New_Line_Count Foreground="clGreen" Style="fsBold"/>
          <Diff_Chunk_Original_Line_Count Foreground="clRed" Style="fsBold"/>
        </SchemeZct_nortonic>
      </LangDiff_File>
      <LangMS_DOS_batch_language Version="6">
        <SchemeZct_nortonic>
          <Key Style="fsBold"/>
          <Number Foreground="clFuchsia"/>
          <Comment Foreground="clNavy" Style="fsItalic"/>
          <Variable Foreground="clGreen"/>
          <ahaTextBlock Background="clBlue"/>
          <ahaLineNumber Foreground="clNone"/>
        </SchemeZct_nortonic>
      </LangMS_DOS_batch_language>
      <LangINI_file Version="6">
        <SchemeZct_nortonic>
          <Number Foreground="clFuchsia"/>
          <Comment Foreground="clGreen" Style="fsItalic"/>
          <Section Style="fsBold"/>
          <ahaTextBlock Background="clBlue"/>
          <ahaLineNumber Foreground="clNone"/>
        </SchemeZct_nortonic>
      </LangINI_file>
    </ColorSchemes>
  </Lazarus>
</CONFIG>
