<?xml version="1.0" encoding="UTF-8"?>
<CONFIG>
  <Lazarus>
    <ColorSchemes Version="11">
      <Names Count="1">
        <Item1 Value="Zct_buenanoche"/>
      </Names>
      <Globals Version="11">
        <SchemeZct_buenanoche>
          <ahaGutter Background="clBtnFace"/>
          <ahaDefault Background="clBlack" Foreground="clWhite"/>
          <ahaErrorLine Background="5284095" Foreground="clBlack"/>
          <ahaMouseLink Foreground="clBlue" FrameColor="clBlue" FrameEdges="sfeBottom"/>
          <ahaTextBlock Background="clWhite" Foreground="clBlack"/>
          <ahaWordGroup FrameColor="clRed"/>
          <ahaFoldedCode Foreground="clSilver" FrameColor="clSilver"/>
          <ahaRightMargin Foreground="clSilver"/>
          <ahaBracketMatch Style="fsBold"/>
          <ahaHighlightAll Background="clYellow"/>
          <ahaModifiedLine Foreground="clGreen" FrameColor="59900"/>
          <ahaHighlightWord Background="3158064" FrameColor="clSilver"/>
          <ahaSyncroEditCur FrameColor="clFuchsia"/>
          <ahaExecutionPoint Background="clBlue" Foreground="clWhite"/>
          <ahaSyncroEditArea Background="clMoneyGreen"/>
          <ahaSyncroEditSync FrameColor="clRed"/>
          <ahaCodeFoldingTree Foreground="clSilver"/>
          <ahaGutterSeparator Background="clWhite" Foreground="clGray"/>
          <ahaSyncroEditOther FrameColor="9744532"/>
          <ahaTemplateEditCur FrameColor="clAqua"/>
          <ahaTemplateEditSync FrameColor="clFuchsia"/>
          <ahaEnabledBreakpoint Background="clRed" Foreground="clWhite"/>
          <ahaIncrementalSearch Background="3199088" Foreground="clWhite"/>
          <ahaInvalidBreakpoint Background="clOlive" Foreground="clGreen"/>
          <ahaTemplateEditOther FrameColor="clMaroon"/>
          <ahaUnknownBreakpoint Background="clRed" Foreground="clBlack"/>
          <ahaDisabledBreakpoint Background="clLime" Foreground="clRed"/>
        </SchemeZct_buenanoche>
      </Globals>
      <LangObjectPascal Version="11">
        <SchemeZct_buenanoche>
          <ahaGutter Background="2302755" UseSchemeGlobals="False"/>
          <ahaTextBlock Background="3421236" Foreground="clNone" UseSchemeGlobals="False"/>
          <ahaFoldedCode UseSchemeGlobals="False"/>
          <ahaLineNumber Foreground="clSkyBlue" UseSchemeGlobals="False"/>
          <ahaRightMargin Foreground="2236962" UseSchemeGlobals="False"/>
          <ahaSyncroEditCur FrameColor="clAqua" UseSchemeGlobals="False"/>
          <ahaSyncroEditArea Background="8960" UseSchemeGlobals="False"/>
          <ahaSyncroEditSync FrameColor="clFuchsia" UseSchemeGlobals="False"/>
          <ahaCodeFoldingTree UseSchemeGlobals="False"/>
          <ahaGutterSeparator Background="clNone" Foreground="3421236" UseSchemeGlobals="False"/>
          <ahaSyncroEditOther FrameColor="clMaroon" UseSchemeGlobals="False"/>
          <Space Background="clBlack" UseSchemeGlobals="False"/>
          <Number Foreground="clLime" UseSchemeGlobals="False"/>
          <String Foreground="16756322" UseSchemeGlobals="False"/>
          <Symbol Foreground="48830" UseSchemeGlobals="False"/>
          <Comment Foreground="clGray" UseSchemeGlobals="False"/>
          <Assembler Foreground="clFuchsia" UseSchemeGlobals="False"/>
          <Directive Foreground="clRed" UseSchemeGlobals="False"/>
          <ahaDefault Background="1184274"/>
          <Identifier UseSchemeGlobals="False"/>
          <Reserved_word Foreground="7587071" Style="fsBold" UseSchemeGlobals="False"/>
        </SchemeZct_buenanoche>
      </LangObjectPascal>
      <LangTyphon_Form_definition Version="11"/>
      <LangXML_document Version="11">
        <SchemeZct_buenanoche>
          <Text Foreground="clBlack" Style="fsBold"/>
          <Symbol Foreground="clAqua"/>
          <Comment Foreground="clGray"/>
          <Element_Name Foreground="clMaroon" Style="fsBold"/>
          <CDATA_Section Foreground="clOlive" Style="fsItalic"/>
          <Attribute_Name Foreground="clMaroon"/>
          <Attribute_Value Foreground="clNavy" Style="fsBold"/>
          <DOCTYPE_Section Foreground="clBlue" Style="fsItalic"/>
          <Entity_Reference Foreground="clBlue" Style="fsBold"/>
          <Processing_Instruction Foreground="clBlue"/>
          <Namespace_Attribute_Name Foreground="clRed"/>
          <Namespace_Attribute_Value Foreground="clRed" Style="fsBold"/>
        </SchemeZct_buenanoche>
      </LangXML_document>
      <LangHTML_document Version="11">
        <SchemeZct_buenanoche>
          <Asp Background="clYellow" Foreground="clBlack"/>
          <Value Foreground="16744448"/>
          <Symbol Foreground="clAqua"/>
          <Comment Foreground="clGray"/>
          <Identifier Style="fsBold"/>
          <Unknown_word Foreground="clRed" Style="fsBold"/>
          <Reserved_word Foreground="clAqua" Style="fsBold"/>
          <Escape_ampersand Foreground="clLime" Style="fsBold"/>
        </SchemeZct_buenanoche>
      </LangHTML_document>
      <LangC__ Version="11">
        <SchemeZct_buenanoche>
          <Space Foreground="clWindow"/>
          <Number Foreground="clFuchsia"/>
          <String Foreground="clYellow"/>
          <Symbol Foreground="clAqua"/>
          <Comment Foreground="clGray"/>
          <Assembler Foreground="clLime"/>
          <Preprocessor Foreground="clGray"/>
          <Reserved_word Foreground="clAqua" Style="fsBold"/>
        </SchemeZct_buenanoche>
      </LangC__>
      <LangPerl Version="11">
        <SchemeZct_buenanoche>
          <Space Foreground="clWindow"/>
          <Number Foreground="clFuchsia"/>
          <Pragma Style="fsBold"/>
          <String Foreground="clYellow"/>
          <Symbol Foreground="clAqua"/>
          <Comment Foreground="clGray"/>
          <Variable Style="fsBold"/>
          <Reserved_word Foreground="clAqua" Style="fsBold"/>
        </SchemeZct_buenanoche>
      </LangPerl>
      <LangJava Version="11">
        <SchemeZct_buenanoche>
          <Space Foreground="clWindow"/>
          <Number Foreground="clFuchsia"/>
          <String Foreground="clYellow"/>
          <Symbol Foreground="clAqua"/>
          <Comment Foreground="clGray"/>
          <Documentation Foreground="clGray"/>
          <Reserved_word Foreground="clAqua" Style="fsBold"/>
        </SchemeZct_buenanoche>
      </LangJava>
      <LangUNIX_Shell_Script Version="11">
        <SchemeZct_buenanoche>
          <Number Foreground="clFuchsia"/>
          <String Foreground="clYellow"/>
          <Symbol Foreground="clAqua"/>
          <Comment Foreground="clGray"/>
          <Variable Foreground="clPurple"/>
          <Reserved_word Foreground="clAqua" Style="fsBold"/>
        </SchemeZct_buenanoche>
      </LangUNIX_Shell_Script>
      <LangPython Version="11">
        <SchemeZct_buenanoche>
          <Float Foreground="clBlue"/>
          <Octal Foreground="clBlue"/>
          <Number Foreground="clFuchsia"/>
          <String Foreground="clYellow"/>
          <Symbol Foreground="clAqua"/>
          <Comment Foreground="clGray"/>
          <Hexadecimal Foreground="clBlue"/>
          <SyntaxError Foreground="clRed"/>
          <Documentation Foreground="clGray"/>
          <Reserved_word Foreground="clAqua" Style="fsBold"/>
          <Non_reserved_keyword Foreground="clNavy" Style="fsBold"/>
          <System_functions_and_variables Style="fsBold"/>
        </SchemeZct_buenanoche>
      </LangPython>
      <LangPHP Version="11">
        <SchemeZct_buenanoche>
          <Number Foreground="clFuchsia"/>
          <String Foreground="clYellow"/>
          <Symbol Foreground="clAqua"/>
          <Comment Foreground="clGray"/>
          <Reserved_word Foreground="clAqua" Style="fsBold"/>
        </SchemeZct_buenanoche>
      </LangPHP>
      <LangSQL Version="11">
        <SchemeZct_buenanoche>
          <Number Foreground="clFuchsia"/>
          <String Foreground="clYellow"/>
          <Symbol Foreground="clAqua"/>
          <Comment Foreground="clGray"/>
          <Function Style="fsBold"/>
          <Data_type Style="fsBold"/>
          <Exception Style="fsItalic"/>
          <Reserved_word Foreground="clAqua" Style="fsBold"/>
          <Default_packages Style="fsBold"/>
          <SQL_Plus_command Style="fsBold"/>
          <Reserved_word__PL_SQL_ Style="fsBold"/>
        </SchemeZct_buenanoche>
      </LangSQL>
      <LangJavascript Version="11">
        <SchemeZct_buenanoche>
          <Number Foreground="clFuchsia"/>
          <String Foreground="clYellow"/>
          <Symbol Foreground="clAqua"/>
          <Comment Foreground="clGray"/>
          <Reserved_word Foreground="clAqua" Style="fsBold"/>
        </SchemeZct_buenanoche>
      </LangJavascript>
      <LangDiff_File Version="11">
        <SchemeZct_buenanoche>
          <Unknown_word Style="fsItalic"/>
          <Diff_New_File Background="clGreen" Style="fsBold"/>
          <Diff_Added_line Foreground="clGreen"/>
          <Diff_Changed_Line Foreground="clPurple"/>
          <Diff_Chunk_Marker Style="fsBold"/>
          <Diff_Removed_Line Foreground="clRed"/>
          <Diff_Original_File Background="clRed" Style="fsBold"/>
          <Diff_Chunk_Line_Counts Foreground="clPurple" Style="fsBold"/>
          <Diff_Chunk_New_Line_Count Foreground="clGreen" Style="fsBold"/>
          <Diff_Chunk_Original_Line_Count Foreground="clRed" Style="fsBold"/>
        </SchemeZct_buenanoche>
      </LangDiff_File>
      <LangMS_DOS_batch_language Version="11"/>
      <LangINI_file Version="11"/>
      <Langpo_language_files Version="11"/>
      <LangPike Version="11"/>
    </ColorSchemes>
  </Lazarus>
</CONFIG>
