<?xml version="1.0" encoding="UTF-8"?>
<CONFIG>
  <Lazarus>
    <ColorSchemes Version="11">
      <Names Count="1">
        <Item1 Value="Zct_blue"/>
      </Names>
      <Globals Version="11">
        <SchemeZct_blue>
          <ahaGutter Background="3480320"/>
          <ahaDefault Background="2823424" Foreground="clGray"/>
          <ahaErrorLine Background="5284095" Foreground="clBlack" BackPriority="500" ForePriority="500" FramePriority="500"/>
          <ahaMouseLink Foreground="clAqua" FrameColor="clAqua" FrameEdges="sfeBottom" BackPriority="2500" ForePriority="1500" FramePriority="7500"/>
          <ahaTextBlock Background="clWhite" Foreground="clBlack" BackPriority="7000" ForePriority="7000" FramePriority="7000"/>
          <ahaWordGroup FrameColor="clRed" BackPriority="3000" ForePriority="3000" FramePriority="3000"/>
          <ahaFoldedCode Background="clBlack" Foreground="clSilver" FrameColor="clWhite" BackPriority="8000" ForePriority="8000" FramePriority="8000"/>
          <ahaLineNumber Foreground="clSkyBlue" Style="fsBold"/>
          <ahaRightMargin Foreground="7033650"/>
          <ahaTopInfoHint Background="clPurple" Foreground="clYellow" FrameColor="clOlive" FrameStyle="slsDashed" BackPriority="8500" ForePriority="8500" FramePriority="8500"/>
          <ahaBracketMatch Background="clBlack" Foreground="clWhite" FrameColor="clWhite" Style="fsBold" StyleMask="fsBold" BackPriority="3000" ForePriority="3000" FramePriority="3000" BackAlpha="128" FrameAlpha="128"/>
          <ahaHighlightAll Background="clYellow" Foreground="clBlack" BackPriority="4000" ForePriority="4000" FramePriority="4000" BackAlpha="128" ForeAlpha="128"/>
          <ahaModifiedLine Foreground="clGreen" FrameColor="59900"/>
          <ahaHighlightWord FrameColor="clSilver" BackPriority="3000" ForePriority="3000" FramePriority="3000"/>
          <ahaLineHighlight Background="clSkyBlue" FrameStyle="slsWaved" BackPriority="500" ForePriority="500" FramePriority="500" BackAlpha="30"/>
          <ahaSyncroEditCur FrameColor="clFuchsia" BackPriority="6000" ForePriority="6000" FramePriority="6000"/>
          <ahaExecutionPoint Background="clBlue" Foreground="clWhite" FrameColor="clRed" BackPriority="500" ForePriority="500" FramePriority="500" BackAlpha="128" ForeAlpha="128"/>
          <ahaSyncroEditArea Background="clGray" BackPriority="2000" ForePriority="2000" FramePriority="2000"/>
          <ahaSyncroEditSync FrameColor="clRed" BackPriority="6000" ForePriority="6000" FramePriority="6000"/>
          <ahaCodeFoldingTree Foreground="6573357"/>
          <ahaGutterSeparator Background="7488027" Foreground="7033650"/>
          <ahaIfDefNodeActive BackPriority="9050" ForePriority="9050" FramePriority="9050"/>
          <ahaSyncroEditOther FrameColor="9744532" BackPriority="6000" ForePriority="6000" FramePriority="6000"/>
          <ahaTemplateEditCur FrameColor="clAqua" BackPriority="6000" ForePriority="6000" FramePriority="6000"/>
          <ahaIfDefBlockActive BackPriority="9000" ForePriority="9000" FramePriority="9000"/>
          <ahaTemplateEditSync FrameColor="clFuchsia" BackPriority="6000" ForePriority="6000" FramePriority="6000"/>
          <ahaEnabledBreakpoint Background="clMaroon" Foreground="clWhite" BackPriority="500" ForePriority="500" FramePriority="500" BackAlpha="192" ForeAlpha="128"/>
          <ahaIfDefNodeInactive BackPriority="9150" ForePriority="9150" FramePriority="9150"/>
          <ahaIncrementalSearch Background="3199088" Foreground="clWhite" BackPriority="4000" ForePriority="4000" FramePriority="4000" ForeAlpha="200"/>
          <ahaInvalidBreakpoint Background="clOlive" Foreground="clWhite" BackPriority="500" ForePriority="500" FramePriority="500" ForeAlpha="128"/>
          <ahaTemplateEditOther FrameColor="clMaroon" BackPriority="6000" ForePriority="6000" FramePriority="6000"/>
          <ahaUnknownBreakpoint Background="clMaroon" Foreground="clRed" BackPriority="500" ForePriority="500" FramePriority="500" BackAlpha="192" ForeAlpha="192"/>
          <ahaDisabledBreakpoint Background="clGreen" Foreground="clWhite" BackPriority="500" ForePriority="500" FramePriority="500" BackAlpha="192" ForeAlpha="128"/>
          <ahaIfDefBlockInactive Foreground="clBlack" BackPriority="9050" ForePriority="9050" FramePriority="9050" ForeAlpha="150"/>
          <ahaIfDefNodeTmpActive BackPriority="9050" ForePriority="9050" FramePriority="9050"/>
          <ahaIfDefBlockTmpActive BackPriority="9000" ForePriority="9000" FramePriority="9000"/>
          <ahaSpecialVisibleChars BackPriority="8100" ForePriority="8100" FramePriority="8100"/>
        </SchemeZct_blue>
      </Globals>
      <LangObjectPascal Version="11">
        <SchemeZct_blue>
          <ahaGutter Background="clNavy"/>
          <ahaFoldedCode Background="clNone" FrameColor="clSilver"/>
          <ahaLineNumber Foreground="clNone" Style=""/>
          <ahaRightMargin Foreground="clSilver"/>
          <ahaBracketMatch Background="clNone" Foreground="clNone" FrameColor="clNone" StyleMask="" BackAlpha="0" FrameAlpha="0"/>
          <ahaHighlightAll Foreground="clNone" BackAlpha="0" ForeAlpha="0"/>
          <ahaLineHighlight Background="clNone" FrameStyle="slsSolid" BackAlpha="0"/>
          <ahaExecutionPoint FrameColor="clNone" BackAlpha="0" ForeAlpha="0"/>
          <ahaCodeFoldingTree Foreground="clSilver"/>
          <ahaGutterSeparator Background="clWhite" Foreground="clGray"/>
          <ahaEnabledBreakpoint Background="clRed" BackAlpha="0" ForeAlpha="0"/>
          <ahaIncrementalSearch ForeAlpha="0"/>
          <ahaInvalidBreakpoint Foreground="clGreen" ForeAlpha="0"/>
          <ahaUnknownBreakpoint Background="clRed" Foreground="clBlack" BackAlpha="0" ForeAlpha="0"/>
          <ahaDisabledBreakpoint Background="clLime" Foreground="clRed" BackAlpha="0" ForeAlpha="0"/>
          <ahaIfDefBlockInactive ForeAlpha="0"/>
          <Number Foreground="8454016"/>
          <String Foreground="5636010"/>
          <Comment Foreground="clAqua"/>
          <Assembler Foreground="clSkyBlue"/>
          <Directive Foreground="159"/>
          <ahaDefault Background="clNavy" Foreground="clYellow"/>
          <Case_label Foreground="clMoneyGreen"/>
          <IDE_Directive Foreground="clRed"/>
          <Reserved_word Foreground="15117312"/>
        </SchemeZct_blue>
      </LangObjectPascal>
      <LangTyphon_Form_definition Version="11">
        <SchemeZct_blue>
          <ahaBracketMatch BackAlpha="0" FrameAlpha="0"/>
          <ahaHighlightAll BackAlpha="0" ForeAlpha="0"/>
          <ahaLineHighlight BackAlpha="0"/>
          <ahaExecutionPoint BackAlpha="0" ForeAlpha="0"/>
          <ahaEnabledBreakpoint BackAlpha="0" ForeAlpha="0"/>
          <ahaIncrementalSearch ForeAlpha="0"/>
          <ahaInvalidBreakpoint ForeAlpha="0"/>
          <ahaUnknownBreakpoint BackAlpha="0" ForeAlpha="0"/>
          <ahaDisabledBreakpoint BackAlpha="0" ForeAlpha="0"/>
          <ahaIfDefBlockInactive ForeAlpha="0"/>
        </SchemeZct_blue>
      </LangTyphon_Form_definition>
      <LangXML_document Version="11">
        <SchemeZct_blue>
          <Text Foreground="clBlack" Style="fsBold"/>
          <Symbol Foreground="clAqua"/>
          <Comment Foreground="clGray"/>
          <ahaGutter Background="clNavy"/>
          <ahaDefault Background="clNavy" Foreground="clYellow"/>
          <Element_Name Foreground="clMaroon" Style="fsBold"/>
          <ahaFoldedCode Background="clNone" FrameColor="clSilver"/>
          <ahaLineNumber Foreground="clNone" Style=""/>
          <CDATA_Section Foreground="clOlive" Style="fsItalic"/>
          <ahaRightMargin Foreground="clSilver"/>
          <Attribute_Name Foreground="clMaroon"/>
          <ahaBracketMatch Background="clNone" Foreground="clNone" FrameColor="clNone" StyleMask="" BackAlpha="0" FrameAlpha="0"/>
          <ahaHighlightAll Foreground="clNone" BackAlpha="0" ForeAlpha="0"/>
          <Attribute_Value Foreground="clNavy" Style="fsBold"/>
          <DOCTYPE_Section Foreground="clBlue" Style="fsItalic"/>
          <ahaLineHighlight Background="clNone" FrameStyle="slsSolid" BackAlpha="0"/>
          <Entity_Reference Foreground="clBlue" Style="fsBold"/>
          <ahaExecutionPoint FrameColor="clNone" BackAlpha="0" ForeAlpha="0"/>
          <ahaCodeFoldingTree Foreground="clSilver"/>
          <ahaGutterSeparator Background="clWhite" Foreground="clGray"/>
          <ahaEnabledBreakpoint Background="clRed" BackAlpha="0" ForeAlpha="0"/>
          <ahaIncrementalSearch ForeAlpha="0"/>
          <ahaInvalidBreakpoint Foreground="clGreen" ForeAlpha="0"/>
          <ahaUnknownBreakpoint Background="clRed" Foreground="clBlack" BackAlpha="0" ForeAlpha="0"/>
          <ahaDisabledBreakpoint Background="clLime" Foreground="clRed" BackAlpha="0" ForeAlpha="0"/>
          <ahaIfDefBlockInactive ForeAlpha="0"/>
          <Processing_Instruction Foreground="clBlue"/>
          <Namespace_Attribute_Name Foreground="clRed"/>
          <Namespace_Attribute_Value Foreground="clRed" Style="fsBold"/>
        </SchemeZct_blue>
      </LangXML_document>
      <LangHTML_document Version="11">
        <SchemeZct_blue>
          <Asp Background="clYellow" Foreground="clBlack"/>
          <Value Foreground="16744448"/>
          <Symbol Foreground="clAqua"/>
          <Comment Foreground="clGray"/>
          <ahaGutter Background="clNavy"/>
          <ahaDefault Background="clNavy" Foreground="clYellow"/>
          <Identifier Style="fsBold"/>
          <Unknown_word Foreground="clRed" Style="fsBold"/>
          <ahaFoldedCode Background="clNone" FrameColor="clSilver"/>
          <ahaLineNumber Foreground="clNone" Style=""/>
          <Reserved_word Foreground="clAqua" Style="fsBold"/>
          <ahaRightMargin Foreground="clSilver"/>
          <ahaBracketMatch Background="clNone" Foreground="clNone" FrameColor="clNone" StyleMask="" BackAlpha="0" FrameAlpha="0"/>
          <ahaHighlightAll Foreground="clNone" BackAlpha="0" ForeAlpha="0"/>
          <ahaLineHighlight Background="clNone" FrameStyle="slsSolid" BackAlpha="0"/>
          <Escape_ampersand Foreground="clLime" Style="fsBold"/>
          <ahaExecutionPoint FrameColor="clNone" BackAlpha="0" ForeAlpha="0"/>
          <ahaCodeFoldingTree Foreground="clSilver"/>
          <ahaGutterSeparator Background="clWhite" Foreground="clGray"/>
          <ahaEnabledBreakpoint Background="clRed" BackAlpha="0" ForeAlpha="0"/>
          <ahaIncrementalSearch ForeAlpha="0"/>
          <ahaInvalidBreakpoint Foreground="clGreen" ForeAlpha="0"/>
          <ahaUnknownBreakpoint Background="clRed" Foreground="clBlack" BackAlpha="0" ForeAlpha="0"/>
          <ahaDisabledBreakpoint Background="clLime" Foreground="clRed" BackAlpha="0" ForeAlpha="0"/>
          <ahaIfDefBlockInactive ForeAlpha="0"/>
        </SchemeZct_blue>
      </LangHTML_document>
      <LangC__ Version="11">
        <SchemeZct_blue>
          <Space Foreground="clWindow"/>
          <Number Foreground="clFuchsia"/>
          <String Foreground="clYellow"/>
          <Symbol Foreground="clAqua"/>
          <Comment Foreground="clGray"/>
          <ahaGutter Background="clNavy"/>
          <Assembler Foreground="clLime"/>
          <ahaDefault Background="clNavy" Foreground="clYellow"/>
          <Preprocessor Foreground="clGray"/>
          <ahaFoldedCode Background="clNone" FrameColor="clSilver"/>
          <ahaLineNumber Foreground="clNone" Style=""/>
          <Reserved_word Foreground="clAqua" Style="fsBold"/>
          <ahaRightMargin Foreground="clSilver"/>
          <ahaBracketMatch Background="clNone" Foreground="clNone" FrameColor="clNone" StyleMask="" BackAlpha="0" FrameAlpha="0"/>
          <ahaHighlightAll Foreground="clNone" BackAlpha="0" ForeAlpha="0"/>
          <ahaLineHighlight Background="clNone" FrameStyle="slsSolid" BackAlpha="0"/>
          <ahaExecutionPoint FrameColor="clNone" BackAlpha="0" ForeAlpha="0"/>
          <ahaCodeFoldingTree Foreground="clSilver"/>
          <ahaGutterSeparator Background="clWhite" Foreground="clGray"/>
          <ahaEnabledBreakpoint Background="clRed" BackAlpha="0" ForeAlpha="0"/>
          <ahaIncrementalSearch ForeAlpha="0"/>
          <ahaInvalidBreakpoint Foreground="clGreen" ForeAlpha="0"/>
          <ahaUnknownBreakpoint Background="clRed" Foreground="clBlack" BackAlpha="0" ForeAlpha="0"/>
          <ahaDisabledBreakpoint Background="clLime" Foreground="clRed" BackAlpha="0" ForeAlpha="0"/>
          <ahaIfDefBlockInactive ForeAlpha="0"/>
        </SchemeZct_blue>
      </LangC__>
      <LangPerl Version="11">
        <SchemeZct_blue>
          <Space Foreground="clWindow"/>
          <Number Foreground="clFuchsia"/>
          <Pragma Style="fsBold"/>
          <String Foreground="clYellow"/>
          <Symbol Foreground="clAqua"/>
          <Comment Foreground="clGray"/>
          <Variable Style="fsBold"/>
          <ahaGutter Background="clNavy"/>
          <ahaDefault Background="clNavy" Foreground="clYellow"/>
          <ahaFoldedCode Background="clNone" FrameColor="clSilver"/>
          <ahaLineNumber Foreground="clNone" Style=""/>
          <Reserved_word Foreground="clAqua" Style="fsBold"/>
          <ahaRightMargin Foreground="clSilver"/>
          <ahaBracketMatch Background="clNone" Foreground="clNone" FrameColor="clNone" StyleMask="" BackAlpha="0" FrameAlpha="0"/>
          <ahaHighlightAll Foreground="clNone" BackAlpha="0" ForeAlpha="0"/>
          <ahaLineHighlight Background="clNone" FrameStyle="slsSolid" BackAlpha="0"/>
          <ahaExecutionPoint FrameColor="clNone" BackAlpha="0" ForeAlpha="0"/>
          <ahaCodeFoldingTree Foreground="clSilver"/>
          <ahaGutterSeparator Background="clWhite" Foreground="clGray"/>
          <ahaEnabledBreakpoint Background="clRed" BackAlpha="0" ForeAlpha="0"/>
          <ahaIncrementalSearch ForeAlpha="0"/>
          <ahaInvalidBreakpoint Foreground="clGreen" ForeAlpha="0"/>
          <ahaUnknownBreakpoint Background="clRed" Foreground="clBlack" BackAlpha="0" ForeAlpha="0"/>
          <ahaDisabledBreakpoint Background="clLime" Foreground="clRed" BackAlpha="0" ForeAlpha="0"/>
          <ahaIfDefBlockInactive ForeAlpha="0"/>
        </SchemeZct_blue>
      </LangPerl>
      <LangJava Version="11">
        <SchemeZct_blue>
          <Space Foreground="clWindow"/>
          <Number Foreground="clFuchsia"/>
          <String Foreground="clYellow"/>
          <Symbol Foreground="clAqua"/>
          <Comment Foreground="clGray"/>
          <ahaGutter Background="clNavy"/>
          <ahaDefault Background="clNavy" Foreground="clYellow"/>
          <ahaFoldedCode Background="clNone" FrameColor="clSilver"/>
          <ahaLineNumber Foreground="clNone" Style=""/>
          <Documentation Foreground="clGray"/>
          <Reserved_word Foreground="clAqua" Style="fsBold"/>
          <ahaRightMargin Foreground="clSilver"/>
          <ahaBracketMatch Background="clNone" Foreground="clNone" FrameColor="clNone" StyleMask="" BackAlpha="0" FrameAlpha="0"/>
          <ahaHighlightAll Foreground="clNone" BackAlpha="0" ForeAlpha="0"/>
          <ahaLineHighlight Background="clNone" FrameStyle="slsSolid" BackAlpha="0"/>
          <ahaExecutionPoint FrameColor="clNone" BackAlpha="0" ForeAlpha="0"/>
          <ahaCodeFoldingTree Foreground="clSilver"/>
          <ahaGutterSeparator Background="clWhite" Foreground="clGray"/>
          <ahaEnabledBreakpoint Background="clRed" BackAlpha="0" ForeAlpha="0"/>
          <ahaIncrementalSearch ForeAlpha="0"/>
          <ahaInvalidBreakpoint Foreground="clGreen" ForeAlpha="0"/>
          <ahaUnknownBreakpoint Background="clRed" Foreground="clBlack" BackAlpha="0" ForeAlpha="0"/>
          <ahaDisabledBreakpoint Background="clLime" Foreground="clRed" BackAlpha="0" ForeAlpha="0"/>
          <ahaIfDefBlockInactive ForeAlpha="0"/>
        </SchemeZct_blue>
      </LangJava>
      <LangUNIX_Shell_Script Version="11">
        <SchemeZct_blue>
          <Number Foreground="clFuchsia"/>
          <String Foreground="clYellow"/>
          <Symbol Foreground="clAqua"/>
          <Comment Foreground="clGray"/>
          <Variable Foreground="clPurple"/>
          <ahaGutter Background="clNavy"/>
          <ahaDefault Background="clNavy" Foreground="clYellow"/>
          <ahaFoldedCode Background="clNone" FrameColor="clSilver"/>
          <ahaLineNumber Foreground="clNone" Style=""/>
          <Reserved_word Foreground="clAqua" Style="fsBold"/>
          <ahaRightMargin Foreground="clSilver"/>
          <ahaBracketMatch Background="clNone" Foreground="clNone" FrameColor="clNone" StyleMask="" BackAlpha="0" FrameAlpha="0"/>
          <ahaHighlightAll Foreground="clNone" BackAlpha="0" ForeAlpha="0"/>
          <ahaLineHighlight Background="clNone" FrameStyle="slsSolid" BackAlpha="0"/>
          <ahaExecutionPoint FrameColor="clNone" BackAlpha="0" ForeAlpha="0"/>
          <ahaCodeFoldingTree Foreground="clSilver"/>
          <ahaGutterSeparator Background="clWhite" Foreground="clGray"/>
          <ahaEnabledBreakpoint Background="clRed" BackAlpha="0" ForeAlpha="0"/>
          <ahaIncrementalSearch ForeAlpha="0"/>
          <ahaInvalidBreakpoint Foreground="clGreen" ForeAlpha="0"/>
          <ahaUnknownBreakpoint Background="clRed" Foreground="clBlack" BackAlpha="0" ForeAlpha="0"/>
          <ahaDisabledBreakpoint Background="clLime" Foreground="clRed" BackAlpha="0" ForeAlpha="0"/>
          <ahaIfDefBlockInactive ForeAlpha="0"/>
        </SchemeZct_blue>
      </LangUNIX_Shell_Script>
      <LangPython Version="11">
        <SchemeZct_blue>
          <Float Foreground="clBlue"/>
          <Octal Foreground="clBlue"/>
          <Number Foreground="clFuchsia"/>
          <String Foreground="clYellow"/>
          <Symbol Foreground="clAqua"/>
          <Comment Foreground="clGray"/>
          <ahaGutter Background="clNavy"/>
          <ahaDefault Background="clNavy" Foreground="clYellow"/>
          <Hexadecimal Foreground="clBlue"/>
          <SyntaxError Foreground="clRed"/>
          <ahaFoldedCode Background="clNone" FrameColor="clSilver"/>
          <ahaLineNumber Foreground="clNone" Style=""/>
          <Documentation Foreground="clGray"/>
          <Reserved_word Foreground="clAqua" Style="fsBold"/>
          <ahaRightMargin Foreground="clSilver"/>
          <ahaBracketMatch Background="clNone" Foreground="clNone" FrameColor="clNone" StyleMask="" BackAlpha="0" FrameAlpha="0"/>
          <ahaHighlightAll Foreground="clNone" BackAlpha="0" ForeAlpha="0"/>
          <ahaLineHighlight Background="clNone" FrameStyle="slsSolid" BackAlpha="0"/>
          <ahaExecutionPoint FrameColor="clNone" BackAlpha="0" ForeAlpha="0"/>
          <ahaCodeFoldingTree Foreground="clSilver"/>
          <ahaGutterSeparator Background="clWhite" Foreground="clGray"/>
          <ahaEnabledBreakpoint Background="clRed" BackAlpha="0" ForeAlpha="0"/>
          <ahaIncrementalSearch ForeAlpha="0"/>
          <ahaInvalidBreakpoint Foreground="clGreen" ForeAlpha="0"/>
          <ahaUnknownBreakpoint Background="clRed" Foreground="clBlack" BackAlpha="0" ForeAlpha="0"/>
          <Non_reserved_keyword Foreground="clNavy" Style="fsBold"/>
          <ahaDisabledBreakpoint Background="clLime" Foreground="clRed" BackAlpha="0" ForeAlpha="0"/>
          <ahaIfDefBlockInactive ForeAlpha="0"/>
          <System_functions_and_variables Style="fsBold"/>
        </SchemeZct_blue>
      </LangPython>
      <LangPHP Version="11">
        <SchemeZct_blue>
          <Number Foreground="clFuchsia"/>
          <String Foreground="clYellow"/>
          <Symbol Foreground="clAqua"/>
          <Comment Foreground="clGray"/>
          <ahaGutter Background="clNavy"/>
          <ahaDefault Background="clNavy" Foreground="clYellow"/>
          <ahaFoldedCode Background="clNone" FrameColor="clSilver"/>
          <ahaLineNumber Foreground="clNone" Style=""/>
          <Reserved_word Foreground="clAqua" Style="fsBold"/>
          <ahaRightMargin Foreground="clSilver"/>
          <ahaBracketMatch Background="clNone" Foreground="clNone" FrameColor="clNone" StyleMask="" BackAlpha="0" FrameAlpha="0"/>
          <ahaHighlightAll Foreground="clNone" BackAlpha="0" ForeAlpha="0"/>
          <ahaLineHighlight Background="clNone" FrameStyle="slsSolid" BackAlpha="0"/>
          <ahaExecutionPoint FrameColor="clNone" BackAlpha="0" ForeAlpha="0"/>
          <ahaCodeFoldingTree Foreground="clSilver"/>
          <ahaGutterSeparator Background="clWhite" Foreground="clGray"/>
          <ahaEnabledBreakpoint Background="clRed" BackAlpha="0" ForeAlpha="0"/>
          <ahaIncrementalSearch ForeAlpha="0"/>
          <ahaInvalidBreakpoint Foreground="clGreen" ForeAlpha="0"/>
          <ahaUnknownBreakpoint Background="clRed" Foreground="clBlack" BackAlpha="0" ForeAlpha="0"/>
          <ahaDisabledBreakpoint Background="clLime" Foreground="clRed" BackAlpha="0" ForeAlpha="0"/>
          <ahaIfDefBlockInactive ForeAlpha="0"/>
        </SchemeZct_blue>
      </LangPHP>
      <LangSQL Version="11">
        <SchemeZct_blue>
          <Number Foreground="clFuchsia"/>
          <String Foreground="clYellow"/>
          <Symbol Foreground="clAqua"/>
          <Comment Foreground="clGray"/>
          <Function Style="fsBold"/>
          <ahaGutter Background="clNavy"/>
          <Data_type Style="fsBold"/>
          <Exception Style="fsItalic"/>
          <ahaDefault Background="clNavy" Foreground="clYellow"/>
          <ahaFoldedCode Background="clNone" FrameColor="clSilver"/>
          <ahaLineNumber Foreground="clNone" Style=""/>
          <Reserved_word Foreground="clAqua" Style="fsBold"/>
          <ahaRightMargin Foreground="clSilver"/>
          <ahaBracketMatch Background="clNone" Foreground="clNone" FrameColor="clNone" StyleMask="" BackAlpha="0" FrameAlpha="0"/>
          <ahaHighlightAll Foreground="clNone" BackAlpha="0" ForeAlpha="0"/>
          <ahaLineHighlight Background="clNone" FrameStyle="slsSolid" BackAlpha="0"/>
          <Default_packages Style="fsBold"/>
          <SQL_Plus_command Style="fsBold"/>
          <ahaExecutionPoint FrameColor="clNone" BackAlpha="0" ForeAlpha="0"/>
          <ahaCodeFoldingTree Foreground="clSilver"/>
          <ahaGutterSeparator Background="clWhite" Foreground="clGray"/>
          <ahaEnabledBreakpoint Background="clRed" BackAlpha="0" ForeAlpha="0"/>
          <ahaIncrementalSearch ForeAlpha="0"/>
          <ahaInvalidBreakpoint Foreground="clGreen" ForeAlpha="0"/>
          <ahaUnknownBreakpoint Background="clRed" Foreground="clBlack" BackAlpha="0" ForeAlpha="0"/>
          <ahaDisabledBreakpoint Background="clLime" Foreground="clRed" BackAlpha="0" ForeAlpha="0"/>
          <ahaIfDefBlockInactive ForeAlpha="0"/>
          <Reserved_word__PL_SQL_ Style="fsBold"/>
        </SchemeZct_blue>
      </LangSQL>
      <LangJavascript Version="11">
        <SchemeZct_blue>
          <Number Foreground="clFuchsia"/>
          <String Foreground="clYellow"/>
          <Symbol Foreground="clAqua"/>
          <Comment Foreground="clGray"/>
          <ahaGutter Background="clNavy"/>
          <ahaDefault Background="clNavy" Foreground="clYellow"/>
          <ahaFoldedCode Background="clNone" FrameColor="clSilver"/>
          <ahaLineNumber Foreground="clNone" Style=""/>
          <Reserved_word Foreground="clAqua" Style="fsBold"/>
          <ahaRightMargin Foreground="clSilver"/>
          <ahaBracketMatch Background="clNone" Foreground="clNone" FrameColor="clNone" StyleMask="" BackAlpha="0" FrameAlpha="0"/>
          <ahaHighlightAll Foreground="clNone" BackAlpha="0" ForeAlpha="0"/>
          <ahaLineHighlight Background="clNone" FrameStyle="slsSolid" BackAlpha="0"/>
          <ahaExecutionPoint FrameColor="clNone" BackAlpha="0" ForeAlpha="0"/>
          <ahaCodeFoldingTree Foreground="clSilver"/>
          <ahaGutterSeparator Background="clWhite" Foreground="clGray"/>
          <ahaEnabledBreakpoint Background="clRed" BackAlpha="0" ForeAlpha="0"/>
          <ahaIncrementalSearch ForeAlpha="0"/>
          <ahaInvalidBreakpoint Foreground="clGreen" ForeAlpha="0"/>
          <ahaUnknownBreakpoint Background="clRed" Foreground="clBlack" BackAlpha="0" ForeAlpha="0"/>
          <ahaDisabledBreakpoint Background="clLime" Foreground="clRed" BackAlpha="0" ForeAlpha="0"/>
          <ahaIfDefBlockInactive ForeAlpha="0"/>
        </SchemeZct_blue>
      </LangJavascript>
      <LangDiff_File Version="11">
        <SchemeZct_blue>
          <ahaGutter Background="clNavy"/>
          <ahaDefault Background="clNavy" Foreground="clYellow"/>
          <Unknown_word Style="fsItalic"/>
          <ahaFoldedCode Background="clNone" FrameColor="clSilver"/>
          <ahaLineNumber Foreground="clNone" Style=""/>
          <Diff_New_File Background="clGreen" Style="fsBold"/>
          <ahaRightMargin Foreground="clSilver"/>
          <ahaBracketMatch Background="clNone" Foreground="clNone" FrameColor="clNone" StyleMask="" BackAlpha="0" FrameAlpha="0"/>
          <ahaHighlightAll Foreground="clNone" BackAlpha="0" ForeAlpha="0"/>
          <Diff_Added_line Foreground="clGreen"/>
          <ahaLineHighlight Background="clNone" FrameStyle="slsSolid" BackAlpha="0"/>
          <ahaExecutionPoint FrameColor="clNone" BackAlpha="0" ForeAlpha="0"/>
          <Diff_Changed_Line Foreground="clPurple"/>
          <Diff_Chunk_Marker Style="fsBold"/>
          <Diff_Removed_Line Foreground="clRed"/>
          <ahaCodeFoldingTree Foreground="clSilver"/>
          <ahaGutterSeparator Background="clWhite" Foreground="clGray"/>
          <Diff_Original_File Background="clRed" Style="fsBold"/>
          <ahaEnabledBreakpoint Background="clRed" BackAlpha="0" ForeAlpha="0"/>
          <ahaIncrementalSearch ForeAlpha="0"/>
          <ahaInvalidBreakpoint Foreground="clGreen" ForeAlpha="0"/>
          <ahaUnknownBreakpoint Background="clRed" Foreground="clBlack" BackAlpha="0" ForeAlpha="0"/>
          <ahaDisabledBreakpoint Background="clLime" Foreground="clRed" BackAlpha="0" ForeAlpha="0"/>
          <ahaIfDefBlockInactive ForeAlpha="0"/>
          <Diff_Chunk_Line_Counts Foreground="clPurple" Style="fsBold"/>
          <Diff_Chunk_New_Line_Count Foreground="clGreen" Style="fsBold"/>
          <Diff_Chunk_Original_Line_Count Foreground="clRed" Style="fsBold"/>
        </SchemeZct_blue>
      </LangDiff_File>
      <LangMS_DOS_batch_language Version="11">
        <SchemeZct_blue>
          <Key Style="fsBold"/>
          <Number Foreground="clFuchsia"/>
          <Comment Foreground="clNavy" Style="fsItalic"/>
          <Variable Foreground="clGreen"/>
          <ahaGutter Background="clNavy"/>
          <ahaDefault Background="clNavy" Foreground="clYellow"/>
          <ahaFoldedCode Background="clNone" FrameColor="clSilver"/>
          <ahaLineNumber Foreground="clNone" Style=""/>
          <ahaRightMargin Foreground="clSilver"/>
          <ahaBracketMatch Background="clNone" Foreground="clNone" FrameColor="clNone" StyleMask="" BackAlpha="0" FrameAlpha="0"/>
          <ahaHighlightAll Foreground="clNone" BackAlpha="0" ForeAlpha="0"/>
          <ahaLineHighlight Background="clNone" FrameStyle="slsSolid" BackAlpha="0"/>
          <ahaExecutionPoint FrameColor="clNone" BackAlpha="0" ForeAlpha="0"/>
          <ahaCodeFoldingTree Foreground="clSilver"/>
          <ahaGutterSeparator Background="clWhite" Foreground="clGray"/>
          <ahaEnabledBreakpoint Background="clRed" BackAlpha="0" ForeAlpha="0"/>
          <ahaIncrementalSearch ForeAlpha="0"/>
          <ahaInvalidBreakpoint Foreground="clGreen" ForeAlpha="0"/>
          <ahaUnknownBreakpoint Background="clRed" Foreground="clBlack" BackAlpha="0" ForeAlpha="0"/>
          <ahaDisabledBreakpoint Background="clLime" Foreground="clRed" BackAlpha="0" ForeAlpha="0"/>
          <ahaIfDefBlockInactive ForeAlpha="0"/>
        </SchemeZct_blue>
      </LangMS_DOS_batch_language>
      <LangINI_file Version="11">
        <SchemeZct_blue>
          <Number Foreground="clFuchsia"/>
          <Comment Foreground="clGreen" Style="fsItalic"/>
          <Section Style="fsBold"/>
          <ahaGutter Background="clNavy"/>
          <ahaDefault Background="clNavy" Foreground="clYellow"/>
          <ahaFoldedCode Background="clNone" FrameColor="clSilver"/>
          <ahaLineNumber Foreground="clNone" Style=""/>
          <ahaRightMargin Foreground="clSilver"/>
          <ahaBracketMatch Background="clNone" Foreground="clNone" FrameColor="clNone" StyleMask="" BackAlpha="0" FrameAlpha="0"/>
          <ahaHighlightAll Foreground="clNone" BackAlpha="0" ForeAlpha="0"/>
          <ahaLineHighlight Background="clNone" FrameStyle="slsSolid" BackAlpha="0"/>
          <ahaExecutionPoint FrameColor="clNone" BackAlpha="0" ForeAlpha="0"/>
          <ahaCodeFoldingTree Foreground="clSilver"/>
          <ahaGutterSeparator Background="clWhite" Foreground="clGray"/>
          <ahaEnabledBreakpoint Background="clRed" BackAlpha="0" ForeAlpha="0"/>
          <ahaIncrementalSearch ForeAlpha="0"/>
          <ahaInvalidBreakpoint Foreground="clGreen" ForeAlpha="0"/>
          <ahaUnknownBreakpoint Background="clRed" Foreground="clBlack" BackAlpha="0" ForeAlpha="0"/>
          <ahaDisabledBreakpoint Background="clLime" Foreground="clRed" BackAlpha="0" ForeAlpha="0"/>
          <ahaIfDefBlockInactive ForeAlpha="0"/>
        </SchemeZct_blue>
      </LangINI_file>
      <Langpo_language_files Version="11">
        <SchemeZct_blue>
          <Key Style="fsBold"/>
          <Flags Foreground="clTeal"/>
          <String Foreground="clFuchsia"/>
          <Comment Foreground="clGreen" Style="fsItalic"/>
          <ahaGutter Background="clNavy"/>
          <ahaDefault Background="clNavy" Foreground="clYellow"/>
          <Identifier Foreground="clGreen" Style="fsBold"/>
          <ahaFoldedCode Background="clNone" FrameColor="clSilver"/>
          <ahaLineNumber Foreground="clNone" Style=""/>
          <ahaRightMargin Foreground="clSilver"/>
          <Previous_value Foreground="clOlive" Style="fsItalic"/>
          <ahaBracketMatch Background="clNone" Foreground="clNone" FrameColor="clNone" StyleMask="" BackAlpha="0" FrameAlpha="0"/>
          <ahaHighlightAll Foreground="clNone" BackAlpha="0" ForeAlpha="0"/>
          <ahaLineHighlight Background="clNone" FrameStyle="slsSolid" BackAlpha="0"/>
          <ahaExecutionPoint FrameColor="clNone" BackAlpha="0" ForeAlpha="0"/>
          <ahaCodeFoldingTree Foreground="clSilver"/>
          <ahaGutterSeparator Background="clWhite" Foreground="clGray"/>
          <ahaEnabledBreakpoint Background="clRed" BackAlpha="0" ForeAlpha="0"/>
          <ahaIncrementalSearch ForeAlpha="0"/>
          <ahaInvalidBreakpoint Foreground="clGreen" ForeAlpha="0"/>
          <ahaUnknownBreakpoint Background="clRed" Foreground="clBlack" BackAlpha="0" ForeAlpha="0"/>
          <ahaDisabledBreakpoint Background="clLime" Foreground="clRed" BackAlpha="0" ForeAlpha="0"/>
          <ahaIfDefBlockInactive ForeAlpha="0"/>
        </SchemeZct_blue>
      </Langpo_language_files>
      <LangPike Version="11">
        <SchemeZct_blue>
          <ahaBracketMatch BackAlpha="0" FrameAlpha="0"/>
          <ahaHighlightAll BackAlpha="0" ForeAlpha="0"/>
          <ahaLineHighlight BackAlpha="0"/>
          <ahaExecutionPoint BackAlpha="0" ForeAlpha="0"/>
          <ahaEnabledBreakpoint BackAlpha="0" ForeAlpha="0"/>
          <ahaIncrementalSearch ForeAlpha="0"/>
          <ahaInvalidBreakpoint ForeAlpha="0"/>
          <ahaUnknownBreakpoint BackAlpha="0" ForeAlpha="0"/>
          <ahaDisabledBreakpoint BackAlpha="0" ForeAlpha="0"/>
          <ahaIfDefBlockInactive ForeAlpha="0"/>
        </SchemeZct_blue>
      </LangPike>
    </ColorSchemes>
  </Lazarus>
</CONFIG>
